"Message","Id","Version","Qualifiers","Level","Task","Opcode","Keywords","RecordId","ProviderName","ProviderId","LogName","ProcessId","ThreadId","MachineName","UserId","TimeCreated","ActivityId","RelatedActivityId","ContainerLog","MatchedQueryIds","Bookmark","LevelDisplayName","OpcodeDisplayName","TaskDisplayName","KeywordsDisplayNames","Properties"
"Installation Failure: Windows failed to install the following update with error 0x80073D02: 9WZDNCRFJBMP-MICROSOFT.WINDOWSSTORE.","20","1",,"2","1","13","-9223372036854775768","8934","Microsoft-Windows-WindowsUpdateClient","945a8954-c147-4acd-923f-40c45405a658","System","2800","7012","ASCENDI-VEM0NO7","S-1-5-18","8/26/2025 9:43:16 AM","a53f53cd-163c-0001-376c-41a53c16dc01",,"System","System.UInt32[]","System.Diagnostics.Eventing.Reader.EventBookmark","Error","Installation","Windows Update Agent","System.Collections.ObjectModel.ReadOnlyCollection`1[System.String]","System.Collections.Generic.List`1[System.Diagnostics.Eventing.Reader.EventProperty]"
"Installation Failure: Windows failed to install the following update with error 0x80073D02: 9NTXGKQ8P7N0-MicrosoftWindows.CrossDevice.","20","1",,"2","1","13","-9223372036854775768","8927","Microsoft-Windows-WindowsUpdateClient","945a8954-c147-4acd-923f-40c45405a658","System","2800","5628","ASCENDI-VEM0NO7","S-1-5-18","8/26/2025 9:40:14 AM","a53f53cd-163c-0000-5c40-41a53c16dc01",,"System","System.UInt32[]","System.Diagnostics.Eventing.Reader.EventBookmark","Error","Installation","Windows Update Agent","System.Collections.ObjectModel.ReadOnlyCollection`1[System.String]","System.Collections.Generic.List`1[System.Diagnostics.Eventing.Reader.EventProperty]"
"The system firmware returned an error Unspecified error when attempting to update a Secure Boot variable. For more information, please see https://go.microsoft.com/fwlink/?linkid=2169931","1795","0",,"2","0","0","-9223372036854775808","8912","Microsoft-Windows-TPM-WMI","7d5387b0-cbe0-11da-a94d-0800200c9a66","System","1804","4388","ASCENDI-VEM0NO7","S-1-5-18","8/26/2025 9:27:23 AM",,,"System","System.UInt32[]","System.Diagnostics.Eventing.Reader.EventBookmark","Error","Info",,"System.Collections.ObjectModel.ReadOnlyCollection`1[System.String]","System.Collections.Generic.List`1[System.Diagnostics.Eventing.Reader.EventProperty]"
"Config Read Failed

Config:	18
Error:	More data is available.","2042","0",,"2","0","0","144115188075855872","8899","Microsoft-Windows-Windows Firewall With Advanced Security","d1bc9aff-2abf-4d71-9146-ecb2a986eb85","System","2984","2768","ASCENDI-VEM0NO7","S-1-5-19","8/26/2025 9:22:42 AM",,,"System","System.UInt32[]","System.Diagnostics.Eventing.Reader.EventBookmark","Error","Info",,"System.Collections.ObjectModel.ReadOnlyCollection`1[System.String]","System.Collections.Generic.List`1[System.Diagnostics.Eventing.Reader.EventProperty]"
"The previous system shutdown at 10:21:19 PM on ?8/?25/?2025 was unexpected.","6008","0","32768","2","0","0","36028797018963968","8819","EventLog",,"System","476","2156","ASCENDI-VEM0NO7",,"8/26/2025 9:22:20 AM",,,"System","System.UInt32[]","System.Diagnostics.Eventing.Reader.EventBookmark","Error",,"None","System.Collections.ObjectModel.ReadOnlyCollection`1[System.String]","System.Collections.Generic.List`1[System.Diagnostics.Eventing.Reader.EventProperty]"
"The system firmware returned an error Unspecified error when attempting to update a Secure Boot variable. For more information, please see https://go.microsoft.com/fwlink/?linkid=2169931","1795","0",,"2","0","0","-9223372036854775808","8787","Microsoft-Windows-TPM-WMI","7d5387b0-cbe0-11da-a94d-0800200c9a66","System","5760","4952","ASCENDI-VEM0NO7","S-1-5-18","8/25/2025 9:19:29 PM",,,"System","System.UInt32[]","System.Diagnostics.Eventing.Reader.EventBookmark","Error","Info",,"System.Collections.ObjectModel.ReadOnlyCollection`1[System.String]","System.Collections.Generic.List`1[System.Diagnostics.Eventing.Reader.EventProperty]"
"Config Read Failed

Config:	18
Error:	More data is available.","2042","0",,"2","0","0","144115188075855872","8777","Microsoft-Windows-Windows Firewall With Advanced Security","d1bc9aff-2abf-4d71-9146-ecb2a986eb85","System","2804","2984","ASCENDI-VEM0NO7","S-1-5-19","8/25/2025 9:14:33 PM",,,"System","System.UInt32[]","System.Diagnostics.Eventing.Reader.EventBookmark","Error","Info",,"System.Collections.ObjectModel.ReadOnlyCollection`1[System.String]","System.Collections.Generic.List`1[System.Diagnostics.Eventing.Reader.EventProperty]"
"The previous system shutdown at 5:00:27 PM on ?8/?25/?2025 was unexpected.","6008","0","32768","2","0","0","36028797018963968","8695","EventLog",,"System","1776","1844","ASCENDI-VEM0NO7",,"8/25/2025 9:14:26 PM",,,"System","System.UInt32[]","System.Diagnostics.Eventing.Reader.EventBookmark","Error",,"None","System.Collections.ObjectModel.ReadOnlyCollection`1[System.String]","System.Collections.Generic.List`1[System.Diagnostics.Eventing.Reader.EventProperty]"
"Installation Failure: Windows failed to install the following update with error 0x80073712: 2025-08 Cumulative Update for Windows 11 Version 24H2 for x64-based Systems (KB5063878) (26100.4946).","20","1",,"2","1","13","-9223372036854775768","8684","Microsoft-Windows-WindowsUpdateClient","945a8954-c147-4acd-923f-40c45405a658","System","1872","316","ASCENDI-VEM0NO7","S-1-5-18","8/25/2025 3:19:43 PM",,,"System","System.UInt32[]","System.Diagnostics.Eventing.Reader.EventBookmark","Error","Installation","Windows Update Agent","System.Collections.ObjectModel.ReadOnlyCollection`1[System.String]","System.Collections.Generic.List`1[System.Diagnostics.Eventing.Reader.EventProperty]"
"Installation Failure: Windows failed to install the following update with error 0x80240016: Security Intelligence Update for Microsoft Defender Antivirus - KB2267602 (Version 1.435.370.0) - Current Channel (Broad).","20","1",,"2","1","13","-9223372036854775768","8641","Microsoft-Windows-WindowsUpdateClient","945a8954-c147-4acd-923f-40c45405a658","System","1872","3188","ASCENDI-VEM0NO7","S-1-5-18","8/25/2025 1:32:54 PM",,,"System","System.UInt32[]","System.Diagnostics.Eventing.Reader.EventBookmark","Error","Installation","Windows Update Agent","System.Collections.ObjectModel.ReadOnlyCollection`1[System.String]","System.Collections.Generic.List`1[System.Diagnostics.Eventing.Reader.EventProperty]"
"The system firmware returned an error Unspecified error when attempting to update a Secure Boot variable. For more information, please see https://go.microsoft.com/fwlink/?linkid=2169931","1795","0",,"2","0","0","-9223372036854775808","8638","Microsoft-Windows-TPM-WMI","7d5387b0-cbe0-11da-a94d-0800200c9a66","System","3820","3284","ASCENDI-VEM0NO7","S-1-5-18","8/25/2025 1:25:54 PM",,,"System","System.UInt32[]","System.Diagnostics.Eventing.Reader.EventBookmark","Error","Info",,"System.Collections.ObjectModel.ReadOnlyCollection`1[System.String]","System.Collections.Generic.List`1[System.Diagnostics.Eventing.Reader.EventProperty]"
"Config Read Failed

Config:	18
Error:	More data is available.","2042","0",,"2","0","0","144115188075855872","8628","Microsoft-Windows-Windows Firewall With Advanced Security","d1bc9aff-2abf-4d71-9146-ecb2a986eb85","System","2848","2976","ASCENDI-VEM0NO7","S-1-5-19","8/25/2025 1:16:42 PM",,,"System","System.UInt32[]","System.Diagnostics.Eventing.Reader.EventBookmark","Error","Info",,"System.Collections.ObjectModel.ReadOnlyCollection`1[System.String]","System.Collections.Generic.List`1[System.Diagnostics.Eventing.Reader.EventProperty]"
"The previous system shutdown at 9:21:54 AM on ?8/?25/?2025 was unexpected.","6008","0","32768","2","0","0","36028797018963968","8534","EventLog",,"System","1760","1820","ASCENDI-VEM0NO7",,"8/25/2025 1:16:26 PM",,,"System","System.UInt32[]","System.Diagnostics.Eventing.Reader.EventBookmark","Error",,"None","System.Collections.ObjectModel.ReadOnlyCollection`1[System.String]","System.Collections.Generic.List`1[System.Diagnostics.Eventing.Reader.EventProperty]"
"The system firmware returned an error Unspecified error when attempting to update a Secure Boot variable. For more information, please see https://go.microsoft.com/fwlink/?linkid=2169931","1795","0",,"2","0","0","-9223372036854775808","8527","Microsoft-Windows-TPM-WMI","7d5387b0-cbe0-11da-a94d-0800200c9a66","System","8344","3400","ASCENDI-VEM0NO7","S-1-5-18","8/25/2025 9:29:56 AM",,,"System","System.UInt32[]","System.Diagnostics.Eventing.Reader.EventBookmark","Error","Info",,"System.Collections.ObjectModel.ReadOnlyCollection`1[System.String]","System.Collections.Generic.List`1[System.Diagnostics.Eventing.Reader.EventProperty]"
"The Delivery Optimization service hung on starting.","7022","0","49152","2","0","0","-9187343239835811840","8523","Service Control Manager","555908d1-a6d7-4695-8e1e-26931d2012f4","System","828","4788","ASCENDI-VEM0NO7",,"8/25/2025 9:26:35 AM",,,"System","System.UInt32[]","System.Diagnostics.Eventing.Reader.EventBookmark","Error",,,"System.Collections.ObjectModel.ReadOnlyCollection`1[System.String]","System.Collections.Generic.List`1[System.Diagnostics.Eventing.Reader.EventProperty]"
"{Registry Hive Recovered} Registry hive (file): '\??\C:\WINDOWS\System32\config\COMPONENTS' was corrupted and it has been recovered. Some data might have been lost.","5","0",,"2","0","0","-9223372036854775808","8519","Microsoft-Windows-Kernel-General","a68ca8b7-004f-d7b6-a698-07e2de0f1f5d","System","1624","3616","ASCENDI-VEM0NO7","S-1-5-18","8/25/2025 9:22:44 AM",,,"System","System.UInt32[]","System.Diagnostics.Eventing.Reader.EventBookmark","Error","Info",,"System.Collections.ObjectModel.ReadOnlyCollection`1[System.String]","System.Collections.Generic.List`1[System.Diagnostics.Eventing.Reader.EventProperty]"
"Config Read Failed

Config:	18
Error:	More data is available.","2042","0",,"2","0","0","144115188075855872","8516","Microsoft-Windows-Windows Firewall With Advanced Security","d1bc9aff-2abf-4d71-9146-ecb2a986eb85","System","2872","3016","ASCENDI-VEM0NO7","S-1-5-19","8/25/2025 9:22:18 AM",,,"System","System.UInt32[]","System.Diagnostics.Eventing.Reader.EventBookmark","Error","Info",,"System.Collections.ObjectModel.ReadOnlyCollection`1[System.String]","System.Collections.Generic.List`1[System.Diagnostics.Eventing.Reader.EventProperty]"
"The previous system shutdown at 11:38:58 PM on ?8/?23/?2025 was unexpected.","6008","0","32768","2","0","0","36028797018963968","8431","EventLog",,"System","1904","2036","ASCENDI-VEM0NO7",,"8/25/2025 9:21:54 AM",,,"System","System.UInt32[]","System.Diagnostics.Eventing.Reader.EventBookmark","Error",,"None","System.Collections.ObjectModel.ReadOnlyCollection`1[System.String]","System.Collections.Generic.List`1[System.Diagnostics.Eventing.Reader.EventProperty]"
"Installation Failure: Windows failed to install the following update with error 0x80070070: 2025-08 Cumulative Update for Windows 11 Version 24H2 for x64-based Systems (KB5063878) (26100.4946).","20","1",,"2","1","13","-9223372036854775768","8404","Microsoft-Windows-WindowsUpdateClient","945a8954-c147-4acd-923f-40c45405a658","System","4396","9944","ASCENDI-VEM0NO7","S-1-5-18","8/23/2025 7:47:47 PM",,,"System","System.UInt32[]","System.Diagnostics.Eventing.Reader.EventBookmark","Error","Installation","Windows Update Agent","System.Collections.ObjectModel.ReadOnlyCollection`1[System.String]","System.Collections.Generic.List`1[System.Diagnostics.Eventing.Reader.EventProperty]"
"The system firmware returned an error Unspecified error when attempting to update a Secure Boot variable. For more information, please see https://go.microsoft.com/fwlink/?linkid=2169931","1795","0",,"2","0","0","-9223372036854775808","8371","Microsoft-Windows-TPM-WMI","7d5387b0-cbe0-11da-a94d-0800200c9a66","System","924","10252","ASCENDI-VEM0NO7","S-1-5-18","8/23/2025 7:08:32 PM",,,"System","System.UInt32[]","System.Diagnostics.Eventing.Reader.EventBookmark","Error","Info",,"System.Collections.ObjectModel.ReadOnlyCollection`1[System.String]","System.Collections.Generic.List`1[System.Diagnostics.Eventing.Reader.EventProperty]"
"Config Read Failed

Config:	18
Error:	More data is available.","2042","0",,"2","0","0","144115188075855872","8357","Microsoft-Windows-Windows Firewall With Advanced Security","d1bc9aff-2abf-4d71-9146-ecb2a986eb85","System","2896","2032","ASCENDI-VEM0NO7","S-1-5-19","8/23/2025 7:03:37 PM",,,"System","System.UInt32[]","System.Diagnostics.Eventing.Reader.EventBookmark","Error","Info",,"System.Collections.ObjectModel.ReadOnlyCollection`1[System.String]","System.Collections.Generic.List`1[System.Diagnostics.Eventing.Reader.EventProperty]"
"The previous system shutdown at 4:30:10 PM on ?8/?22/?2025 was unexpected.","6008","0","32768","2","0","0","36028797018963968","8277","EventLog",,"System","1988","488","ASCENDI-VEM0NO7",,"8/23/2025 7:03:22 PM",,,"System","System.UInt32[]","System.Diagnostics.Eventing.Reader.EventBookmark","Error",,"None","System.Collections.ObjectModel.ReadOnlyCollection`1[System.String]","System.Collections.Generic.List`1[System.Diagnostics.Eventing.Reader.EventProperty]"
"The system firmware returned an error Unspecified error when attempting to update a Secure Boot variable. For more information, please see https://go.microsoft.com/fwlink/?linkid=2169931","1795","0",,"2","0","0","-9223372036854775808","8238","Microsoft-Windows-TPM-WMI","7d5387b0-cbe0-11da-a94d-0800200c9a66","System","744","1876","ASCENDI-VEM0NO7","S-1-5-18","8/22/2025 11:17:12 AM",,,"System","System.UInt32[]","System.Diagnostics.Eventing.Reader.EventBookmark","Error","Info",,"System.Collections.ObjectModel.ReadOnlyCollection`1[System.String]","System.Collections.Generic.List`1[System.Diagnostics.Eventing.Reader.EventProperty]"
"Config Read Failed

Config:	18
Error:	More data is available.","2042","0",,"2","0","0","144115188075855872","8223","Microsoft-Windows-Windows Firewall With Advanced Security","d1bc9aff-2abf-4d71-9146-ecb2a986eb85","System","2932","2984","ASCENDI-VEM0NO7","S-1-5-19","8/22/2025 11:02:17 AM",,,"System","System.UInt32[]","System.Diagnostics.Eventing.Reader.EventBookmark","Error","Info",,"System.Collections.ObjectModel.ReadOnlyCollection`1[System.String]","System.Collections.Generic.List`1[System.Diagnostics.Eventing.Reader.EventProperty]"
"The previous system shutdown at 10:28:42 AM on ?8/?22/?2025 was unexpected.","6008","0","32768","2","0","0","36028797018963968","8141","EventLog",,"System","1096","1828","ASCENDI-VEM0NO7",,"8/22/2025 11:02:11 AM",,,"System","System.UInt32[]","System.Diagnostics.Eventing.Reader.EventBookmark","Error",,"None","System.Collections.ObjectModel.ReadOnlyCollection`1[System.String]","System.Collections.Generic.List`1[System.Diagnostics.Eventing.Reader.EventProperty]"
"Installation Failure: Windows failed to install the following update with error 0x80073D02: 9MSSGKG348SP-MicrosoftWindows.Client.WebExperience.","20","1",,"2","1","13","-9223372036854775768","8122","Microsoft-Windows-WindowsUpdateClient","945a8954-c147-4acd-923f-40c45405a658","System","5692","6260","ASCENDI-VEM0NO7","S-1-5-18","8/22/2025 9:56:20 AM","7100d31a-1262-0000-a01e-06716212dc01",,"System","System.UInt32[]","System.Diagnostics.Eventing.Reader.EventBookmark","Error","Installation","Windows Update Agent","System.Collections.ObjectModel.ReadOnlyCollection`1[System.String]","System.Collections.Generic.List`1[System.Diagnostics.Eventing.Reader.EventProperty]"
"The system firmware returned an error Unspecified error when attempting to update a Secure Boot variable. For more information, please see https://go.microsoft.com/fwlink/?linkid=2169931","1795","0",,"2","0","0","-9223372036854775808","8098","Microsoft-Windows-TPM-WMI","7d5387b0-cbe0-11da-a94d-0800200c9a66","System","7644","1996","ASCENDI-VEM0NO7","S-1-5-18","8/22/2025 9:42:30 AM",,,"System","System.UInt32[]","System.Diagnostics.Eventing.Reader.EventBookmark","Error","Info",,"System.Collections.ObjectModel.ReadOnlyCollection`1[System.String]","System.Collections.Generic.List`1[System.Diagnostics.Eventing.Reader.EventProperty]"
"The Connected User Experiences and Telemetry service terminated unexpectedly.  It has done this 1 time(s).  The following corrective action will be taken in 30000 milliseconds: Restart the service.","7031","0","49152","2","0","0","-9187343239835811840","8088","Service Control Manager","555908d1-a6d7-4695-8e1e-26931d2012f4","System","820","1732","ASCENDI-VEM0NO7",,"8/21/2025 2:39:04 PM",,,"System","System.UInt32[]","System.Diagnostics.Eventing.Reader.EventBookmark","Error",,,"System.Collections.ObjectModel.ReadOnlyCollection`1[System.String]","System.Collections.Generic.List`1[System.Diagnostics.Eventing.Reader.EventProperty]"
"Installation Failure: Windows failed to install the following update with error 0x800F0991: 2025-08 Cumulative Update for Windows 11 Version 24H2 for x64-based Systems (KB5063878) (26100.4946).","20","1",,"2","1","13","-9223372036854775768","8084","Microsoft-Windows-WindowsUpdateClient","945a8954-c147-4acd-923f-40c45405a658","System","5140","8188","ASCENDI-VEM0NO7","S-1-5-18","8/21/2025 2:23:14 PM",,,"System","System.UInt32[]","System.Diagnostics.Eventing.Reader.EventBookmark","Error","Installation","Windows Update Agent","System.Collections.ObjectModel.ReadOnlyCollection`1[System.String]","System.Collections.Generic.List`1[System.Diagnostics.Eventing.Reader.EventProperty]"
"DCOM got error ""1053"" attempting to start the service vds with arguments ""Unavailable"" in order to run the server:
{7D1933CB-86F6-4A98-8628-01BE94C9A575}","10005","0","0","2","0","0","-9187343239835811840","8076","Microsoft-Windows-DistributedCOM","1b562e86-b7aa-4131-badc-b6f3a001407e","System","976","4076","ASCENDI-VEM0NO7","S-1-5-18","8/21/2025 1:19:23 PM","7100d31a-1262-0001-a963-03716212dc01",,"System","System.UInt32[]","System.Diagnostics.Eventing.Reader.EventBookmark","Error","Info",,"System.Collections.ObjectModel.ReadOnlyCollection`1[System.String]","System.Collections.Generic.List`1[System.Diagnostics.Eventing.Reader.EventProperty]"
"The Virtual Disk service failed to start due to the following error: 
The service did not respond to the start or control request in a timely fashion.","7000","0","49152","2","0","0","-9187343239835811840","8075","Service Control Manager","555908d1-a6d7-4695-8e1e-26931d2012f4","System","820","9308","ASCENDI-VEM0NO7",,"8/21/2025 1:19:23 PM",,,"System","System.UInt32[]","System.Diagnostics.Eventing.Reader.EventBookmark","Error",,,"System.Collections.ObjectModel.ReadOnlyCollection`1[System.String]","System.Collections.Generic.List`1[System.Diagnostics.Eventing.Reader.EventProperty]"
"A timeout (30000 milliseconds) was reached while waiting for a transaction response from the vds service.","7011","0","49152","2","0","0","-9187343239835811840","8074","Service Control Manager","555908d1-a6d7-4695-8e1e-26931d2012f4","System","820","9308","ASCENDI-VEM0NO7",,"8/21/2025 1:19:23 PM",,,"System","System.UInt32[]","System.Diagnostics.Eventing.Reader.EventBookmark","Error",,,"System.Collections.ObjectModel.ReadOnlyCollection`1[System.String]","System.Collections.Generic.List`1[System.Diagnostics.Eventing.Reader.EventProperty]"
"The system firmware returned an error Unspecified error when attempting to update a Secure Boot variable. For more information, please see https://go.microsoft.com/fwlink/?linkid=2169931","1795","0",,"2","0","0","-9223372036854775808","8052","Microsoft-Windows-TPM-WMI","7d5387b0-cbe0-11da-a94d-0800200c9a66","System","8520","2796","ASCENDI-VEM0NO7","S-1-5-18","8/21/2025 11:47:58 AM",,,"System","System.UInt32[]","System.Diagnostics.Eventing.Reader.EventBookmark","Error","Info",,"System.Collections.ObjectModel.ReadOnlyCollection`1[System.String]","System.Collections.Generic.List`1[System.Diagnostics.Eventing.Reader.EventProperty]"
"Config Read Failed

Config:	18
Error:	More data is available.","2042","0",,"2","0","0","144115188075855872","8041","Microsoft-Windows-Windows Firewall With Advanced Security","d1bc9aff-2abf-4d71-9146-ecb2a986eb85","System","2852","2992","ASCENDI-VEM0NO7","S-1-5-19","8/21/2025 11:41:52 AM",,,"System","System.UInt32[]","System.Diagnostics.Eventing.Reader.EventBookmark","Error","Info",,"System.Collections.ObjectModel.ReadOnlyCollection`1[System.String]","System.Collections.Generic.List`1[System.Diagnostics.Eventing.Reader.EventProperty]"
"The Update Orchestrator Service service terminated with the following error: 
%%2149884192","7023","0","49152","2","0","0","-9187343239835811840","7950","Service Control Manager","555908d1-a6d7-4695-8e1e-26931d2012f4","System","840","5080","ASCENDI-VEM0NO7",,"8/21/2025 11:39:07 AM",,,"System","System.UInt32[]","System.Diagnostics.Eventing.Reader.EventBookmark","Error",,,"System.Collections.ObjectModel.ReadOnlyCollection`1[System.String]","System.Collections.Generic.List`1[System.Diagnostics.Eventing.Reader.EventProperty]"
"Config Read Failed

Config:	18
Error:	More data is available.","2042","0",,"2","0","0","144115188075855872","7944","Microsoft-Windows-Windows Firewall With Advanced Security","d1bc9aff-2abf-4d71-9146-ecb2a986eb85","System","3044","3088","ASCENDI-VEM0NO7","S-1-5-19","8/21/2025 11:38:48 AM",,,"System","System.UInt32[]","System.Diagnostics.Eventing.Reader.EventBookmark","Error","Info",,"System.Collections.ObjectModel.ReadOnlyCollection`1[System.String]","System.Collections.Generic.List`1[System.Diagnostics.Eventing.Reader.EventProperty]"
"The previous system shutdown at 11:14:52 AM on ?8/?21/?2025 was unexpected.","6008","0","32768","2","0","0","36028797018963968","7863","EventLog",,"System","1952","2004","ASCENDI-VEM0NO7",,"8/21/2025 11:38:40 AM",,,"System","System.UInt32[]","System.Diagnostics.Eventing.Reader.EventBookmark","Error",,"None","System.Collections.ObjectModel.ReadOnlyCollection`1[System.String]","System.Collections.Generic.List`1[System.Diagnostics.Eventing.Reader.EventProperty]"
"The system firmware returned an error Unspecified error when attempting to update a Secure Boot variable. For more information, please see https://go.microsoft.com/fwlink/?linkid=2169931","1795","0",,"2","0","0","-9223372036854775808","7831","Microsoft-Windows-TPM-WMI","7d5387b0-cbe0-11da-a94d-0800200c9a66","System","6056","11652","ASCENDI-VEM0NO7","S-1-5-18","8/21/2025 9:29:30 AM",,,"System","System.UInt32[]","System.Diagnostics.Eventing.Reader.EventBookmark","Error","Info",,"System.Collections.ObjectModel.ReadOnlyCollection`1[System.String]","System.Collections.Generic.List`1[System.Diagnostics.Eventing.Reader.EventProperty]"
"Installation Failure: Windows failed to install the following update with error 0x80073D02: 9N3RK8ZV2ZR8-Microsoft.WidgetsPlatformRuntime.","20","1",,"2","1","13","-9223372036854775768","7827","Microsoft-Windows-WindowsUpdateClient","945a8954-c147-4acd-923f-40c45405a658","System","11940","5624","ASCENDI-VEM0NO7","S-1-5-18","8/21/2025 9:19:48 AM","f1b59ded-1185-0000-d023-bff18511dc01",,"System","System.UInt32[]","System.Diagnostics.Eventing.Reader.EventBookmark","Error","Installation","Windows Update Agent","System.Collections.ObjectModel.ReadOnlyCollection`1[System.String]","System.Collections.Generic.List`1[System.Diagnostics.Eventing.Reader.EventProperty]"
"DCOM got error ""1053"" attempting to start the service WaaSMedicSvc with arguments ""Unavailable"" in order to run the server:
{72566E27-1ABB-4EB3-B4F0-EB431CB1CB32}","10005","0","0","2","0","0","-9187343239835811840","7814","Microsoft-Windows-DistributedCOM","1b562e86-b7aa-4131-badc-b6f3a001407e","System","988","7220","ASCENDI-VEM0NO7","S-1-5-18","8/20/2025 6:56:16 PM","f1b59ded-1185-0000-8967-bef18511dc01",,"System","System.UInt32[]","System.Diagnostics.Eventing.Reader.EventBookmark","Error","Info",,"System.Collections.ObjectModel.ReadOnlyCollection`1[System.String]","System.Collections.Generic.List`1[System.Diagnostics.Eventing.Reader.EventProperty]"
"The WaaSMedicSvc service failed to start due to the following error: 
The service did not respond to the start or control request in a timely fashion.","7000","0","49152","2","0","0","-9187343239835811840","7813","Service Control Manager","555908d1-a6d7-4695-8e1e-26931d2012f4","System","844","5164","ASCENDI-VEM0NO7",,"8/20/2025 6:56:16 PM",,,"System","System.UInt32[]","System.Diagnostics.Eventing.Reader.EventBookmark","Error",,,"System.Collections.ObjectModel.ReadOnlyCollection`1[System.String]","System.Collections.Generic.List`1[System.Diagnostics.Eventing.Reader.EventProperty]"
"A timeout was reached (30000 milliseconds) while waiting for the WaaSMedicSvc service to connect.","7009","0","49152","2","0","0","-9187343239835811840","7812","Service Control Manager","555908d1-a6d7-4695-8e1e-26931d2012f4","System","844","5164","ASCENDI-VEM0NO7",,"8/20/2025 6:56:16 PM",,,"System","System.UInt32[]","System.Diagnostics.Eventing.Reader.EventBookmark","Error",,,"System.Collections.ObjectModel.ReadOnlyCollection`1[System.String]","System.Collections.Generic.List`1[System.Diagnostics.Eventing.Reader.EventProperty]"
"Installation Failure: Windows failed to install the following update with error 0xC000007F: 2025-08 Cumulative Update for Windows 11 Version 24H2 for x64-based Systems (KB5063878) (26100.4946).","20","1",,"2","1","13","-9223372036854775768","7749","Microsoft-Windows-WindowsUpdateClient","945a8954-c147-4acd-923f-40c45405a658","System","3456","1008","ASCENDI-VEM0NO7","S-1-5-18","8/20/2025 11:01:29 AM",,,"System","System.UInt32[]","System.Diagnostics.Eventing.Reader.EventBookmark","Error","Installation","Windows Update Agent","System.Collections.ObjectModel.ReadOnlyCollection`1[System.String]","System.Collections.Generic.List`1[System.Diagnostics.Eventing.Reader.EventProperty]"
"The system firmware returned an error Unspecified error when attempting to update a Secure Boot variable. For more information, please see https://go.microsoft.com/fwlink/?linkid=2169931","1795","0",,"2","0","0","-9223372036854775808","7694","Microsoft-Windows-TPM-WMI","7d5387b0-cbe0-11da-a94d-0800200c9a66","System","5400","8932","ASCENDI-VEM0NO7","S-1-5-18","8/20/2025 9:28:52 AM",,,"System","System.UInt32[]","System.Diagnostics.Eventing.Reader.EventBookmark","Error","Info",,"System.Collections.ObjectModel.ReadOnlyCollection`1[System.String]","System.Collections.Generic.List`1[System.Diagnostics.Eventing.Reader.EventProperty]"
"Config Read Failed

Config:	18
Error:	More data is available.","2042","0",,"2","0","0","144115188075855872","7678","Microsoft-Windows-Windows Firewall With Advanced Security","d1bc9aff-2abf-4d71-9146-ecb2a986eb85","System","2976","2692","ASCENDI-VEM0NO7","S-1-5-19","8/20/2025 9:24:04 AM",,,"System","System.UInt32[]","System.Diagnostics.Eventing.Reader.EventBookmark","Error","Info",,"System.Collections.ObjectModel.ReadOnlyCollection`1[System.String]","System.Collections.Generic.List`1[System.Diagnostics.Eventing.Reader.EventProperty]"
"The previous system shutdown at 9:20:51 AM on ?8/?20/?2025 was unexpected.","6008","0","32768","2","0","0","36028797018963968","7592","EventLog",,"System","2044","1636","ASCENDI-VEM0NO7",,"8/20/2025 9:23:52 AM",,,"System","System.UInt32[]","System.Diagnostics.Eventing.Reader.EventBookmark","Error",,"None","System.Collections.ObjectModel.ReadOnlyCollection`1[System.String]","System.Collections.Generic.List`1[System.Diagnostics.Eventing.Reader.EventProperty]"
"Config Read Failed

Config:	18
Error:	More data is available.","2042","0",,"2","0","0","144115188075855872","7589","Microsoft-Windows-Windows Firewall With Advanced Security","d1bc9aff-2abf-4d71-9146-ecb2a986eb85","System","3040","3128","ASCENDI-VEM0NO7","S-1-5-19","8/20/2025 9:21:39 AM",,,"System","System.UInt32[]","System.Diagnostics.Eventing.Reader.EventBookmark","Error","Info",,"System.Collections.ObjectModel.ReadOnlyCollection`1[System.String]","System.Collections.Generic.List`1[System.Diagnostics.Eventing.Reader.EventProperty]"
"The previous system shutdown at 4:52:38 PM on ?8/?18/?2025 was unexpected.","6008","0","32768","2","0","0","36028797018963968","7499","EventLog",,"System","1212","2080","ASCENDI-VEM0NO7",,"8/20/2025 9:20:51 AM",,,"System","System.UInt32[]","System.Diagnostics.Eventing.Reader.EventBookmark","Error",,"None","System.Collections.ObjectModel.ReadOnlyCollection`1[System.String]","System.Collections.Generic.List`1[System.Diagnostics.Eventing.Reader.EventProperty]"
"The server Microsoft.Windows.ContentDeliveryManager_10.0.26100.1_neutral_neutral_cw5n1h2txyewy!App.AppXw3qcpc7p849541dp39vvqd01bn7z9ybh.mca did not register with DCOM within the required timeout.","10010","0","0","2","0","0","-9187343239835811840","7467","Microsoft-Windows-DistributedCOM","1b562e86-b7aa-4131-badc-b6f3a001407e","System","548","4112","ASCENDI-VEM0NO7","S-1-5-21-3485362452-2712526941-260529962-1000","8/18/2025 2:48:48 PM","6cba30ad-0ff5-0001-6f90-bf6cf50fdc01",,"System","System.UInt32[]","System.Diagnostics.Eventing.Reader.EventBookmark","Error","Info",,"System.Collections.ObjectModel.ReadOnlyCollection`1[System.String]","System.Collections.Generic.List`1[System.Diagnostics.Eventing.Reader.EventProperty]"
"Installation Failure: Windows failed to install the following update with error 0x80070306: 2025-08 Cumulative Update for Windows 11 Version 24H2 for x64-based Systems (KB5063878) (26100.4946).","20","1",,"2","1","13","-9223372036854775768","7439","Microsoft-Windows-WindowsUpdateClient","945a8954-c147-4acd-923f-40c45405a658","System","4452","1684","ASCENDI-VEM0NO7","S-1-5-18","8/18/2025 11:15:56 AM",,,"System","System.UInt32[]","System.Diagnostics.Eventing.Reader.EventBookmark","Error","Installation","Windows Update Agent","System.Collections.ObjectModel.ReadOnlyCollection`1[System.String]","System.Collections.Generic.List`1[System.Diagnostics.Eventing.Reader.EventProperty]"
"The system firmware returned an error Unspecified error when attempting to update a Secure Boot variable. For more information, please see https://go.microsoft.com/fwlink/?linkid=2169931","1795","0",,"2","0","0","-9223372036854775808","7385","Microsoft-Windows-TPM-WMI","7d5387b0-cbe0-11da-a94d-0800200c9a66","System","6744","8920","ASCENDI-VEM0NO7","S-1-5-18","8/18/2025 9:41:29 AM",,,"System","System.UInt32[]","System.Diagnostics.Eventing.Reader.EventBookmark","Error","Info",,"System.Collections.ObjectModel.ReadOnlyCollection`1[System.String]","System.Collections.Generic.List`1[System.Diagnostics.Eventing.Reader.EventProperty]"
"Config Read Failed

Config:	18
Error:	More data is available.","2042","0",,"2","0","0","144115188075855872","7367","Microsoft-Windows-Windows Firewall With Advanced Security","d1bc9aff-2abf-4d71-9146-ecb2a986eb85","System","3000","3136","ASCENDI-VEM0NO7","S-1-5-19","8/18/2025 9:36:38 AM",,,"System","System.UInt32[]","System.Diagnostics.Eventing.Reader.EventBookmark","Error","Info",,"System.Collections.ObjectModel.ReadOnlyCollection`1[System.String]","System.Collections.Generic.List`1[System.Diagnostics.Eventing.Reader.EventProperty]"
"The previous system shutdown at 4:44:37 PM on ?8/?13/?2025 was unexpected.","6008","0","32768","2","0","0","36028797018963968","7283","EventLog",,"System","2036","1620","ASCENDI-VEM0NO7",,"8/18/2025 9:36:29 AM",,,"System","System.UInt32[]","System.Diagnostics.Eventing.Reader.EventBookmark","Error",,"None","System.Collections.ObjectModel.ReadOnlyCollection`1[System.String]","System.Collections.Generic.List`1[System.Diagnostics.Eventing.Reader.EventProperty]"
"Installation Failure: Windows failed to install the following update with error 0x80070306: 2025-08 Cumulative Update for Windows 11 Version 24H2 for x64-based Systems (KB5063878) (26100.4946).","20","1",,"2","1","13","-9223372036854775768","7242","Microsoft-Windows-WindowsUpdateClient","945a8954-c147-4acd-923f-40c45405a658","System","8084","5204","ASCENDI-VEM0NO7","S-1-5-18","8/13/2025 11:35:02 AM",,,"System","System.UInt32[]","System.Diagnostics.Eventing.Reader.EventBookmark","Error","Installation","Windows Update Agent","System.Collections.ObjectModel.ReadOnlyCollection`1[System.String]","System.Collections.Generic.List`1[System.Diagnostics.Eventing.Reader.EventProperty]"
"The system firmware returned an error Unspecified error when attempting to update a Secure Boot variable. For more information, please see https://go.microsoft.com/fwlink/?linkid=2169931","1795","0",,"2","0","0","-9223372036854775808","7174","Microsoft-Windows-TPM-WMI","7d5387b0-cbe0-11da-a94d-0800200c9a66","System","9700","5696","ASCENDI-VEM0NO7","S-1-5-18","8/13/2025 9:28:55 AM",,,"System","System.UInt32[]","System.Diagnostics.Eventing.Reader.EventBookmark","Error","Info",,"System.Collections.ObjectModel.ReadOnlyCollection`1[System.String]","System.Collections.Generic.List`1[System.Diagnostics.Eventing.Reader.EventProperty]"
"Config Read Failed

Config:	18
Error:	More data is available.","2042","0",,"2","0","0","144115188075855872","7159","Microsoft-Windows-Windows Firewall With Advanced Security","d1bc9aff-2abf-4d71-9146-ecb2a986eb85","System","2988","3112","ASCENDI-VEM0NO7","S-1-5-19","8/13/2025 9:24:10 AM",,,"System","System.UInt32[]","System.Diagnostics.Eventing.Reader.EventBookmark","Error","Info",,"System.Collections.ObjectModel.ReadOnlyCollection`1[System.String]","System.Collections.Generic.List`1[System.Diagnostics.Eventing.Reader.EventProperty]"
"The previous system shutdown at 4:44:38 PM on ?8/?12/?2025 was unexpected.","6008","0","32768","2","0","0","36028797018963968","7075","EventLog",,"System","2036","412","ASCENDI-VEM0NO7",,"8/13/2025 9:23:56 AM",,,"System","System.UInt32[]","System.Diagnostics.Eventing.Reader.EventBookmark","Error",,"None","System.Collections.ObjectModel.ReadOnlyCollection`1[System.String]","System.Collections.Generic.List`1[System.Diagnostics.Eventing.Reader.EventProperty]"
"The system firmware returned an error Unspecified error when attempting to update a Secure Boot variable. For more information, please see https://go.microsoft.com/fwlink/?linkid=2169931","1795","0",,"2","0","0","-9223372036854775808","7057","Microsoft-Windows-TPM-WMI","7d5387b0-cbe0-11da-a94d-0800200c9a66","System","4868","8732","ASCENDI-VEM0NO7","S-1-5-18","8/12/2025 2:18:25 PM",,,"System","System.UInt32[]","System.Diagnostics.Eventing.Reader.EventBookmark","Error","Info",,"System.Collections.ObjectModel.ReadOnlyCollection`1[System.String]","System.Collections.Generic.List`1[System.Diagnostics.Eventing.Reader.EventProperty]"
"Config Read Failed

Config:	18
Error:	More data is available.","2042","0",,"2","0","0","144115188075855872","7047","Microsoft-Windows-Windows Firewall With Advanced Security","d1bc9aff-2abf-4d71-9146-ecb2a986eb85","System","3036","3156","ASCENDI-VEM0NO7","S-1-5-19","8/12/2025 2:14:31 PM",,,"System","System.UInt32[]","System.Diagnostics.Eventing.Reader.EventBookmark","Error","Info",,"System.Collections.ObjectModel.ReadOnlyCollection`1[System.String]","System.Collections.Generic.List`1[System.Diagnostics.Eventing.Reader.EventProperty]"
"The previous system shutdown at 2:01:43 PM on ?8/?12/?2025 was unexpected.","6008","0","32768","2","0","0","36028797018963968","6974","EventLog",,"System","2056","2164","ASCENDI-VEM0NO7",,"8/12/2025 2:13:30 PM",,,"System","System.UInt32[]","System.Diagnostics.Eventing.Reader.EventBookmark","Error",,"None","System.Collections.ObjectModel.ReadOnlyCollection`1[System.String]","System.Collections.Generic.List`1[System.Diagnostics.Eventing.Reader.EventProperty]"
"The Software Protection service failed to start due to the following error: 
The service did not respond to the start or control request in a timely fashion.","7000","0","49152","2","0","0","-9187343239835811840","6943","Service Control Manager","555908d1-a6d7-4695-8e1e-26931d2012f4","System","824","6488","ASCENDI-VEM0NO7",,"8/12/2025 10:26:48 AM",,,"System","System.UInt32[]","System.Diagnostics.Eventing.Reader.EventBookmark","Error",,,"System.Collections.ObjectModel.ReadOnlyCollection`1[System.String]","System.Collections.Generic.List`1[System.Diagnostics.Eventing.Reader.EventProperty]"
"A timeout (30000 milliseconds) was reached while waiting for a transaction response from the sppsvc service.","7011","0","49152","2","0","0","-9187343239835811840","6941","Service Control Manager","555908d1-a6d7-4695-8e1e-26931d2012f4","System","824","6488","ASCENDI-VEM0NO7",,"8/12/2025 10:26:46 AM",,,"System","System.UInt32[]","System.Diagnostics.Eventing.Reader.EventBookmark","Error",,,"System.Collections.ObjectModel.ReadOnlyCollection`1[System.String]","System.Collections.Generic.List`1[System.Diagnostics.Eventing.Reader.EventProperty]"
"The system firmware returned an error Unspecified error when attempting to update a Secure Boot variable. For more information, please see https://go.microsoft.com/fwlink/?linkid=2169931","1795","0",,"2","0","0","-9223372036854775808","6915","Microsoft-Windows-TPM-WMI","7d5387b0-cbe0-11da-a94d-0800200c9a66","System","6372","3908","ASCENDI-VEM0NO7","S-1-5-18","8/12/2025 9:19:55 AM",,,"System","System.UInt32[]","System.Diagnostics.Eventing.Reader.EventBookmark","Error","Info",,"System.Collections.ObjectModel.ReadOnlyCollection`1[System.String]","System.Collections.Generic.List`1[System.Diagnostics.Eventing.Reader.EventProperty]"
"The server {8CFC164F-4BE5-4FDD-94E9-E2AF73ED4A19} did not register with DCOM within the required timeout.","10010","0","0","2","0","0","-9187343239835811840","6914","Microsoft-Windows-DistributedCOM","1b562e86-b7aa-4131-badc-b6f3a001407e","System","404","7612","ASCENDI-VEM0NO7","S-1-5-21-3485362452-2712526941-260529962-1000","8/12/2025 9:19:32 AM","601f502e-0b3b-0000-4ac7-1f603b0bdc01",,"System","System.UInt32[]","System.Diagnostics.Eventing.Reader.EventBookmark","Error","Info",,"System.Collections.ObjectModel.ReadOnlyCollection`1[System.String]","System.Collections.Generic.List`1[System.Diagnostics.Eventing.Reader.EventProperty]"
"Config Read Failed

Config:	18
Error:	More data is available.","2042","0",,"2","0","0","144115188075855872","6904","Microsoft-Windows-Windows Firewall With Advanced Security","d1bc9aff-2abf-4d71-9146-ecb2a986eb85","System","3056","3144","ASCENDI-VEM0NO7","S-1-5-19","8/12/2025 9:15:10 AM",,,"System","System.UInt32[]","System.Diagnostics.Eventing.Reader.EventBookmark","Error","Info",,"System.Collections.ObjectModel.ReadOnlyCollection`1[System.String]","System.Collections.Generic.List`1[System.Diagnostics.Eventing.Reader.EventProperty]"
"The previous system shutdown at 4:29:21 PM on ?8/?11/?2025 was unexpected.","6008","0","32768","2","0","0","36028797018963968","6822","EventLog",,"System","1212","2068","ASCENDI-VEM0NO7",,"8/12/2025 9:14:55 AM",,,"System","System.UInt32[]","System.Diagnostics.Eventing.Reader.EventBookmark","Error",,"None","System.Collections.ObjectModel.ReadOnlyCollection`1[System.String]","System.Collections.Generic.List`1[System.Diagnostics.Eventing.Reader.EventProperty]"
"The system firmware returned an error Unspecified error when attempting to update a Secure Boot variable. For more information, please see https://go.microsoft.com/fwlink/?linkid=2169931","1795","0",,"2","0","0","-9223372036854775808","6750","Microsoft-Windows-TPM-WMI","7d5387b0-cbe0-11da-a94d-0800200c9a66","System","7256","8020","ASCENDI-VEM0NO7","S-1-5-18","8/11/2025 9:59:35 AM",,,"System","System.UInt32[]","System.Diagnostics.Eventing.Reader.EventBookmark","Error","Info",,"System.Collections.ObjectModel.ReadOnlyCollection`1[System.String]","System.Collections.Generic.List`1[System.Diagnostics.Eventing.Reader.EventProperty]"
"Config Read Failed

Config:	18
Error:	More data is available.","2042","0",,"2","0","0","144115188075855872","6743","Microsoft-Windows-Windows Firewall With Advanced Security","d1bc9aff-2abf-4d71-9146-ecb2a986eb85","System","2992","1460","ASCENDI-VEM0NO7","S-1-5-19","8/11/2025 9:54:48 AM",,,"System","System.UInt32[]","System.Diagnostics.Eventing.Reader.EventBookmark","Error","Info",,"System.Collections.ObjectModel.ReadOnlyCollection`1[System.String]","System.Collections.Generic.List`1[System.Diagnostics.Eventing.Reader.EventProperty]"
"The previous system shutdown at 12:17:02 PM on ?8/?10/?2025 was unexpected.","6008","0","32768","2","0","0","36028797018963968","6660","EventLog",,"System","1464","2084","ASCENDI-VEM0NO7",,"8/11/2025 9:54:35 AM",,,"System","System.UInt32[]","System.Diagnostics.Eventing.Reader.EventBookmark","Error",,"None","System.Collections.ObjectModel.ReadOnlyCollection`1[System.String]","System.Collections.Generic.List`1[System.Diagnostics.Eventing.Reader.EventProperty]"
"The system firmware returned an error Unspecified error when attempting to update a Secure Boot variable. For more information, please see https://go.microsoft.com/fwlink/?linkid=2169931","1795","0",,"2","0","0","-9223372036854775808","6655","Microsoft-Windows-TPM-WMI","7d5387b0-cbe0-11da-a94d-0800200c9a66","System","6588","5876","ASCENDI-VEM0NO7","S-1-5-18","8/10/2025 12:14:28 PM",,,"System","System.UInt32[]","System.Diagnostics.Eventing.Reader.EventBookmark","Error","Info",,"System.Collections.ObjectModel.ReadOnlyCollection`1[System.String]","System.Collections.Generic.List`1[System.Diagnostics.Eventing.Reader.EventProperty]"
"Config Read Failed

Config:	18
Error:	More data is available.","2042","0",,"2","0","0","144115188075855872","6643","Microsoft-Windows-Windows Firewall With Advanced Security","d1bc9aff-2abf-4d71-9146-ecb2a986eb85","System","2900","2508","ASCENDI-VEM0NO7","S-1-5-19","8/10/2025 12:09:32 PM",,,"System","System.UInt32[]","System.Diagnostics.Eventing.Reader.EventBookmark","Error","Info",,"System.Collections.ObjectModel.ReadOnlyCollection`1[System.String]","System.Collections.Generic.List`1[System.Diagnostics.Eventing.Reader.EventProperty]"
"The previous system shutdown at 11:23:59 AM on ?8/?10/?2025 was unexpected.","6008","0","32768","2","0","0","36028797018963968","6560","EventLog",,"System","1072","1868","ASCENDI-VEM0NO7",,"8/10/2025 12:09:25 PM",,,"System","System.UInt32[]","System.Diagnostics.Eventing.Reader.EventBookmark","Error",,"None","System.Collections.ObjectModel.ReadOnlyCollection`1[System.String]","System.Collections.Generic.List`1[System.Diagnostics.Eventing.Reader.EventProperty]"
"The system firmware returned an error Unspecified error when attempting to update a Secure Boot variable. For more information, please see https://go.microsoft.com/fwlink/?linkid=2169931","1795","0",,"2","0","0","-9223372036854775808","6518","Microsoft-Windows-TPM-WMI","7d5387b0-cbe0-11da-a94d-0800200c9a66","System","9000","6476","ASCENDI-VEM0NO7","S-1-5-18","8/10/2025 10:05:20 AM",,,"System","System.UInt32[]","System.Diagnostics.Eventing.Reader.EventBookmark","Error","Info",,"System.Collections.ObjectModel.ReadOnlyCollection`1[System.String]","System.Collections.Generic.List`1[System.Diagnostics.Eventing.Reader.EventProperty]"
"Config Read Failed

Config:	18
Error:	More data is available.","2042","0",,"2","0","0","144115188075855872","6506","Microsoft-Windows-Windows Firewall With Advanced Security","d1bc9aff-2abf-4d71-9146-ecb2a986eb85","System","2952","3088","ASCENDI-VEM0NO7","S-1-5-19","8/10/2025 10:00:27 AM",,,"System","System.UInt32[]","System.Diagnostics.Eventing.Reader.EventBookmark","Error","Info",,"System.Collections.ObjectModel.ReadOnlyCollection`1[System.String]","System.Collections.Generic.List`1[System.Diagnostics.Eventing.Reader.EventProperty]"
"The previous system shutdown at 4:32:13 PM on ?8/?8/?2025 was unexpected.","6008","0","32768","2","0","0","36028797018963968","6424","EventLog",,"System","2004","1232","ASCENDI-VEM0NO7",,"8/10/2025 10:00:21 AM",,,"System","System.UInt32[]","System.Diagnostics.Eventing.Reader.EventBookmark","Error",,"None","System.Collections.ObjectModel.ReadOnlyCollection`1[System.String]","System.Collections.Generic.List`1[System.Diagnostics.Eventing.Reader.EventProperty]"
"The system firmware returned an error Unspecified error when attempting to update a Secure Boot variable. For more information, please see https://go.microsoft.com/fwlink/?linkid=2169931","1795","0",,"2","0","0","-9223372036854775808","6350","Microsoft-Windows-TPM-WMI","7d5387b0-cbe0-11da-a94d-0800200c9a66","System","1472","8660","ASCENDI-VEM0NO7","S-1-5-18","8/8/2025 9:18:29 AM",,,"System","System.UInt32[]","System.Diagnostics.Eventing.Reader.EventBookmark","Error","Info",,"System.Collections.ObjectModel.ReadOnlyCollection`1[System.String]","System.Collections.Generic.List`1[System.Diagnostics.Eventing.Reader.EventProperty]"
"Config Read Failed

Config:	18
Error:	More data is available.","2042","0",,"2","0","0","144115188075855872","6340","Microsoft-Windows-Windows Firewall With Advanced Security","d1bc9aff-2abf-4d71-9146-ecb2a986eb85","System","2976","3100","ASCENDI-VEM0NO7","S-1-5-19","8/8/2025 9:12:42 AM",,,"System","System.UInt32[]","System.Diagnostics.Eventing.Reader.EventBookmark","Error","Info",,"System.Collections.ObjectModel.ReadOnlyCollection`1[System.String]","System.Collections.Generic.List`1[System.Diagnostics.Eventing.Reader.EventProperty]"
"The previous system shutdown at 9:09:37 AM on ?8/?8/?2025 was unexpected.","6008","0","32768","2","0","0","36028797018963968","6267","EventLog",,"System","2040","1520","ASCENDI-VEM0NO7",,"8/8/2025 9:12:30 AM",,,"System","System.UInt32[]","System.Diagnostics.Eventing.Reader.EventBookmark","Error",,"None","System.Collections.ObjectModel.ReadOnlyCollection`1[System.String]","System.Collections.Generic.List`1[System.Diagnostics.Eventing.Reader.EventProperty]"
"Config Read Failed

Config:	18
Error:	More data is available.","2042","0",,"2","0","0","144115188075855872","6250","Microsoft-Windows-Windows Firewall With Advanced Security","d1bc9aff-2abf-4d71-9146-ecb2a986eb85","System","2940","3088","ASCENDI-VEM0NO7","S-1-5-19","8/8/2025 9:09:51 AM",,,"System","System.UInt32[]","System.Diagnostics.Eventing.Reader.EventBookmark","Error","Info",,"System.Collections.ObjectModel.ReadOnlyCollection`1[System.String]","System.Collections.Generic.List`1[System.Diagnostics.Eventing.Reader.EventProperty]"
"The previous system shutdown at 8:51:22 AM on ?8/?8/?2025 was unexpected.","6008","0","32768","2","0","0","36028797018963968","6178","EventLog",,"System","2008","1364","ASCENDI-VEM0NO7",,"8/8/2025 9:09:37 AM",,,"System","System.UInt32[]","System.Diagnostics.Eventing.Reader.EventBookmark","Error",,"None","System.Collections.ObjectModel.ReadOnlyCollection`1[System.String]","System.Collections.Generic.List`1[System.Diagnostics.Eventing.Reader.EventProperty]"
"Config Read Failed

Config:	18
Error:	More data is available.","2042","0",,"2","0","0","144115188075855872","6158","Microsoft-Windows-Windows Firewall With Advanced Security","d1bc9aff-2abf-4d71-9146-ecb2a986eb85","System","2988","3096","ASCENDI-VEM0NO7","S-1-5-19","8/8/2025 8:51:38 AM",,,"System","System.UInt32[]","System.Diagnostics.Eventing.Reader.EventBookmark","Error","Info",,"System.Collections.ObjectModel.ReadOnlyCollection`1[System.String]","System.Collections.Generic.List`1[System.Diagnostics.Eventing.Reader.EventProperty]"
"The previous system shutdown at 4:47:18 PM on ?8/?7/?2025 was unexpected.","6008","0","32768","2","0","0","36028797018963968","6086","EventLog",,"System","1448","2156","ASCENDI-VEM0NO7",,"8/8/2025 8:51:22 AM",,,"System","System.UInt32[]","System.Diagnostics.Eventing.Reader.EventBookmark","Error",,"None","System.Collections.ObjectModel.ReadOnlyCollection`1[System.String]","System.Collections.Generic.List`1[System.Diagnostics.Eventing.Reader.EventProperty]"
"The system firmware returned an error Unspecified error when attempting to update a Secure Boot variable. For more information, please see https://go.microsoft.com/fwlink/?linkid=2169931","1795","0",,"2","0","0","-9223372036854775808","5985","Microsoft-Windows-TPM-WMI","7d5387b0-cbe0-11da-a94d-0800200c9a66","System","6768","1304","ASCENDI-VEM0NO7","S-1-5-18","8/7/2025 9:28:23 AM",,,"System","System.UInt32[]","System.Diagnostics.Eventing.Reader.EventBookmark","Error","Info",,"System.Collections.ObjectModel.ReadOnlyCollection`1[System.String]","System.Collections.Generic.List`1[System.Diagnostics.Eventing.Reader.EventProperty]"
"Config Read Failed

Config:	18
Error:	More data is available.","2042","0",,"2","0","0","144115188075855872","5970","Microsoft-Windows-Windows Firewall With Advanced Security","d1bc9aff-2abf-4d71-9146-ecb2a986eb85","System","3008","3132","ASCENDI-VEM0NO7","S-1-5-19","8/7/2025 9:23:34 AM",,,"System","System.UInt32[]","System.Diagnostics.Eventing.Reader.EventBookmark","Error","Info",,"System.Collections.ObjectModel.ReadOnlyCollection`1[System.String]","System.Collections.Generic.List`1[System.Diagnostics.Eventing.Reader.EventProperty]"
"The previous system shutdown at 10:38:56 PM on ?8/?6/?2025 was unexpected.","6008","0","32768","2","0","0","36028797018963968","5872","EventLog",,"System","468","740","ASCENDI-VEM0NO7",,"8/7/2025 9:23:22 AM",,,"System","System.UInt32[]","System.Diagnostics.Eventing.Reader.EventBookmark","Error",,"None","System.Collections.ObjectModel.ReadOnlyCollection`1[System.String]","System.Collections.Generic.List`1[System.Diagnostics.Eventing.Reader.EventProperty]"
"DCOM got error ""1053"" attempting to start the service WaaSMedicSvc with arguments ""Unavailable"" in order to run the server:
{72566E27-1ABB-4EB3-B4F0-EB431CB1CB32}","10005","0","0","2","0","0","-9187343239835811840","5837","Microsoft-Windows-DistributedCOM","1b562e86-b7aa-4131-badc-b6f3a001407e","System","976","3392","ASCENDI-VEM0NO7","S-1-5-18","8/6/2025 8:58:50 PM","afadb5fd-06d3-0001-88c9-aeafd306dc01",,"System","System.UInt32[]","System.Diagnostics.Eventing.Reader.EventBookmark","Error","Info",,"System.Collections.ObjectModel.ReadOnlyCollection`1[System.String]","System.Collections.Generic.List`1[System.Diagnostics.Eventing.Reader.EventProperty]"
"The WaaSMedicSvc service failed to start due to the following error: 
The service did not respond to the start or control request in a timely fashion.","7000","0","49152","2","0","0","-9187343239835811840","5836","Service Control Manager","555908d1-a6d7-4695-8e1e-26931d2012f4","System","832","4460","ASCENDI-VEM0NO7",,"8/6/2025 8:58:48 PM",,,"System","System.UInt32[]","System.Diagnostics.Eventing.Reader.EventBookmark","Error",,,"System.Collections.ObjectModel.ReadOnlyCollection`1[System.String]","System.Collections.Generic.List`1[System.Diagnostics.Eventing.Reader.EventProperty]"
"A timeout was reached (30000 milliseconds) while waiting for the WaaSMedicSvc service to connect.","7009","0","49152","2","0","0","-9187343239835811840","5835","Service Control Manager","555908d1-a6d7-4695-8e1e-26931d2012f4","System","832","4460","ASCENDI-VEM0NO7",,"8/6/2025 8:58:48 PM",,,"System","System.UInt32[]","System.Diagnostics.Eventing.Reader.EventBookmark","Error",,,"System.Collections.ObjectModel.ReadOnlyCollection`1[System.String]","System.Collections.Generic.List`1[System.Diagnostics.Eventing.Reader.EventProperty]"
"The AppX Deployment Service (AppXSVC) service failed to start due to the following error: 
The service did not respond to the start or control request in a timely fashion.","7000","0","49152","2","0","0","-9187343239835811840","5834","Service Control Manager","555908d1-a6d7-4695-8e1e-26931d2012f4","System","832","10228","ASCENDI-VEM0NO7",,"8/6/2025 8:58:47 PM",,,"System","System.UInt32[]","System.Diagnostics.Eventing.Reader.EventBookmark","Error",,,"System.Collections.ObjectModel.ReadOnlyCollection`1[System.String]","System.Collections.Generic.List`1[System.Diagnostics.Eventing.Reader.EventProperty]"
"A timeout was reached (30000 milliseconds) while waiting for the AppX Deployment Service (AppXSVC) service to connect.","7009","0","49152","2","0","0","-9187343239835811840","5833","Service Control Manager","555908d1-a6d7-4695-8e1e-26931d2012f4","System","832","10228","ASCENDI-VEM0NO7",,"8/6/2025 8:58:47 PM",,,"System","System.UInt32[]","System.Diagnostics.Eventing.Reader.EventBookmark","Error",,,"System.Collections.ObjectModel.ReadOnlyCollection`1[System.String]","System.Collections.Generic.List`1[System.Diagnostics.Eventing.Reader.EventProperty]"
"The server {8CFC164F-4BE5-4FDD-94E9-E2AF73ED4A19} did not register with DCOM within the required timeout.","10010","0","0","2","0","0","-9187343239835811840","5821","Microsoft-Windows-DistributedCOM","1b562e86-b7aa-4131-badc-b6f3a001407e","System","544","6012","ASCENDI-VEM0NO7","S-1-5-21-3485362452-2712526941-260529962-1000","8/6/2025 6:49:37 PM","afadb5fd-06d3-0000-1b5a-aeafd306dc01",,"System","System.UInt32[]","System.Diagnostics.Eventing.Reader.EventBookmark","Error","Info",,"System.Collections.ObjectModel.ReadOnlyCollection`1[System.String]","System.Collections.Generic.List`1[System.Diagnostics.Eventing.Reader.EventProperty]"
"The system firmware returned an error Unspecified error when attempting to update a Secure Boot variable. For more information, please see https://go.microsoft.com/fwlink/?linkid=2169931","1795","0",,"2","0","0","-9223372036854775808","5819","Microsoft-Windows-TPM-WMI","7d5387b0-cbe0-11da-a94d-0800200c9a66","System","6620","7532","ASCENDI-VEM0NO7","S-1-5-18","8/6/2025 6:47:43 PM",,,"System","System.UInt32[]","System.Diagnostics.Eventing.Reader.EventBookmark","Error","Info",,"System.Collections.ObjectModel.ReadOnlyCollection`1[System.String]","System.Collections.Generic.List`1[System.Diagnostics.Eventing.Reader.EventProperty]"
"Config Read Failed

Config:	18
Error:	More data is available.","2042","0",,"2","0","0","144115188075855872","5811","Microsoft-Windows-Windows Firewall With Advanced Security","d1bc9aff-2abf-4d71-9146-ecb2a986eb85","System","2976","2604","ASCENDI-VEM0NO7","S-1-5-19","8/6/2025 6:42:27 PM",,,"System","System.UInt32[]","System.Diagnostics.Eventing.Reader.EventBookmark","Error","Info",,"System.Collections.ObjectModel.ReadOnlyCollection`1[System.String]","System.Collections.Generic.List`1[System.Diagnostics.Eventing.Reader.EventProperty]"
"The previous system shutdown at 4:55:50 PM on ?8/?6/?2025 was unexpected.","6008","0","32768","2","0","0","36028797018963968","5727","EventLog",,"System","1096","728","ASCENDI-VEM0NO7",,"8/6/2025 6:42:13 PM",,,"System","System.UInt32[]","System.Diagnostics.Eventing.Reader.EventBookmark","Error",,"None","System.Collections.ObjectModel.ReadOnlyCollection`1[System.String]","System.Collections.Generic.List`1[System.Diagnostics.Eventing.Reader.EventProperty]"
"The system firmware returned an error Unspecified error when attempting to update a Secure Boot variable. For more information, please see https://go.microsoft.com/fwlink/?linkid=2169931","1795","0",,"2","0","0","-9223372036854775808","5654","Microsoft-Windows-TPM-WMI","7d5387b0-cbe0-11da-a94d-0800200c9a66","System","4564","1848","ASCENDI-VEM0NO7","S-1-5-18","8/6/2025 9:13:27 AM",,,"System","System.UInt32[]","System.Diagnostics.Eventing.Reader.EventBookmark","Error","Info",,"System.Collections.ObjectModel.ReadOnlyCollection`1[System.String]","System.Collections.Generic.List`1[System.Diagnostics.Eventing.Reader.EventProperty]"
"Config Read Failed

Config:	18
Error:	More data is available.","2042","0",,"2","0","0","144115188075855872","5647","Microsoft-Windows-Windows Firewall With Advanced Security","d1bc9aff-2abf-4d71-9146-ecb2a986eb85","System","2952","2852","ASCENDI-VEM0NO7","S-1-5-19","8/6/2025 9:08:39 AM",,,"System","System.UInt32[]","System.Diagnostics.Eventing.Reader.EventBookmark","Error","Info",,"System.Collections.ObjectModel.ReadOnlyCollection`1[System.String]","System.Collections.Generic.List`1[System.Diagnostics.Eventing.Reader.EventProperty]"
"The previous system shutdown at 4:38:33 PM on ?8/?5/?2025 was unexpected.","6008","0","32768","2","0","0","36028797018963968","5574","EventLog",,"System","2024","1520","ASCENDI-VEM0NO7",,"8/6/2025 9:08:26 AM",,,"System","System.UInt32[]","System.Diagnostics.Eventing.Reader.EventBookmark","Error",,"None","System.Collections.ObjectModel.ReadOnlyCollection`1[System.String]","System.Collections.Generic.List`1[System.Diagnostics.Eventing.Reader.EventProperty]"
"The server {8CFC164F-4BE5-4FDD-94E9-E2AF73ED4A19} did not register with DCOM within the required timeout.","10010","0","0","2","0","0","-9187343239835811840","5554","Microsoft-Windows-DistributedCOM","1b562e86-b7aa-4131-badc-b6f3a001407e","System","416","2444","ASCENDI-VEM0NO7","S-1-5-21-3485362452-2712526941-260529962-1000","8/5/2025 4:10:27 PM","07f7438c-05be-0001-72a6-f907be05dc01",,"System","System.UInt32[]","System.Diagnostics.Eventing.Reader.EventBookmark","Error","Info",,"System.Collections.ObjectModel.ReadOnlyCollection`1[System.String]","System.Collections.Generic.List`1[System.Diagnostics.Eventing.Reader.EventProperty]"
"The server {8CFC164F-4BE5-4FDD-94E9-E2AF73ED4A19} did not register with DCOM within the required timeout.","10010","0","0","2","0","0","-9187343239835811840","5511","Microsoft-Windows-DistributedCOM","1b562e86-b7aa-4131-badc-b6f3a001407e","System","416","4872","ASCENDI-VEM0NO7","S-1-5-21-3485362452-2712526941-260529962-1000","8/5/2025 10:25:20 AM","07f7438c-05be-0000-e1db-f807be05dc01",,"System","System.UInt32[]","System.Diagnostics.Eventing.Reader.EventBookmark","Error","Info",,"System.Collections.ObjectModel.ReadOnlyCollection`1[System.String]","System.Collections.Generic.List`1[System.Diagnostics.Eventing.Reader.EventProperty]"
"Installation Failure: Windows failed to install the following update with error 0x80073D02: 9MSSGKG348SP-MicrosoftWindows.Client.WebExperience.","20","1",,"2","1","13","-9223372036854775768","5501","Microsoft-Windows-WindowsUpdateClient","945a8954-c147-4acd-923f-40c45405a658","System","8080","5904","ASCENDI-VEM0NO7","S-1-5-18","8/5/2025 10:05:41 AM","07f7438c-05be-0001-42af-f807be05dc01",,"System","System.UInt32[]","System.Diagnostics.Eventing.Reader.EventBookmark","Error","Installation","Windows Update Agent","System.Collections.ObjectModel.ReadOnlyCollection`1[System.String]","System.Collections.Generic.List`1[System.Diagnostics.Eventing.Reader.EventProperty]"
"The system firmware returned an error Unspecified error when attempting to update a Secure Boot variable. For more information, please see https://go.microsoft.com/fwlink/?linkid=2169931","1795","0",,"2","0","0","-9223372036854775808","5473","Microsoft-Windows-TPM-WMI","7d5387b0-cbe0-11da-a94d-0800200c9a66","System","3572","4140","ASCENDI-VEM0NO7","S-1-5-18","8/5/2025 9:40:56 AM",,,"System","System.UInt32[]","System.Diagnostics.Eventing.Reader.EventBookmark","Error","Info",,"System.Collections.ObjectModel.ReadOnlyCollection`1[System.String]","System.Collections.Generic.List`1[System.Diagnostics.Eventing.Reader.EventProperty]"
"Config Read Failed

Config:	18
Error:	More data is available.","2042","0",,"2","0","0","144115188075855872","5463","Microsoft-Windows-Windows Firewall With Advanced Security","d1bc9aff-2abf-4d71-9146-ecb2a986eb85","System","3008","3248","ASCENDI-VEM0NO7","S-1-5-19","8/5/2025 9:35:10 AM",,,"System","System.UInt32[]","System.Diagnostics.Eventing.Reader.EventBookmark","Error","Info",,"System.Collections.ObjectModel.ReadOnlyCollection`1[System.String]","System.Collections.Generic.List`1[System.Diagnostics.Eventing.Reader.EventProperty]"
"The previous system shutdown at 5:02:26 PM on ?8/?4/?2025 was unexpected.","6008","0","32768","2","0","0","36028797018963968","5388","EventLog",,"System","1228","2104","ASCENDI-VEM0NO7",,"8/5/2025 9:34:59 AM",,,"System","System.UInt32[]","System.Diagnostics.Eventing.Reader.EventBookmark","Error",,"None","System.Collections.ObjectModel.ReadOnlyCollection`1[System.String]","System.Collections.Generic.List`1[System.Diagnostics.Eventing.Reader.EventProperty]"
"Installation Failure: Windows failed to install the following update with error 0x80240016: Security Intelligence Update for Microsoft Defender Antivirus - KB2267602 (Version 1.433.262.0) - Current Channel (Broad).","20","1",,"2","1","13","-9223372036854775768","5313","Microsoft-Windows-WindowsUpdateClient","945a8954-c147-4acd-923f-40c45405a658","System","4524","4168","ASCENDI-VEM0NO7","S-1-5-18","8/4/2025 9:39:33 AM",,,"System","System.UInt32[]","System.Diagnostics.Eventing.Reader.EventBookmark","Error","Installation","Windows Update Agent","System.Collections.ObjectModel.ReadOnlyCollection`1[System.String]","System.Collections.Generic.List`1[System.Diagnostics.Eventing.Reader.EventProperty]"
"The system firmware returned an error Unspecified error when attempting to update a Secure Boot variable. For more information, please see https://go.microsoft.com/fwlink/?linkid=2169931","1795","0",,"2","0","0","-9223372036854775808","5297","Microsoft-Windows-TPM-WMI","7d5387b0-cbe0-11da-a94d-0800200c9a66","System","4864","4652","ASCENDI-VEM0NO7","S-1-5-18","8/4/2025 9:31:35 AM",,,"System","System.UInt32[]","System.Diagnostics.Eventing.Reader.EventBookmark","Error","Info",,"System.Collections.ObjectModel.ReadOnlyCollection`1[System.String]","System.Collections.Generic.List`1[System.Diagnostics.Eventing.Reader.EventProperty]"
"Config Read Failed

Config:	18
Error:	More data is available.","2042","0",,"2","0","0","144115188075855872","5293","Microsoft-Windows-Windows Firewall With Advanced Security","d1bc9aff-2abf-4d71-9146-ecb2a986eb85","System","2740","3260","ASCENDI-VEM0NO7","S-1-5-19","8/4/2025 9:27:01 AM",,,"System","System.UInt32[]","System.Diagnostics.Eventing.Reader.EventBookmark","Error","Info",,"System.Collections.ObjectModel.ReadOnlyCollection`1[System.String]","System.Collections.Generic.List`1[System.Diagnostics.Eventing.Reader.EventProperty]"
"The previous system shutdown at 4:45:32 PM on ?8/?1/?2025 was unexpected.","6008","0","32768","2","0","0","36028797018963968","5210","EventLog",,"System","2112","2216","ASCENDI-VEM0NO7",,"8/4/2025 9:26:38 AM",,,"System","System.UInt32[]","System.Diagnostics.Eventing.Reader.EventBookmark","Error",,"None","System.Collections.ObjectModel.ReadOnlyCollection`1[System.String]","System.Collections.Generic.List`1[System.Diagnostics.Eventing.Reader.EventProperty]"
"The system firmware returned an error Unspecified error when attempting to update a Secure Boot variable. For more information, please see https://go.microsoft.com/fwlink/?linkid=2169931","1795","0",,"2","0","0","-9223372036854775808","5151","Microsoft-Windows-TPM-WMI","7d5387b0-cbe0-11da-a94d-0800200c9a66","System","8304","1912","ASCENDI-VEM0NO7","S-1-5-18","8/1/2025 10:22:15 AM",,,"System","System.UInt32[]","System.Diagnostics.Eventing.Reader.EventBookmark","Error","Info",,"System.Collections.ObjectModel.ReadOnlyCollection`1[System.String]","System.Collections.Generic.List`1[System.Diagnostics.Eventing.Reader.EventProperty]"
"Config Read Failed

Config:	18
Error:	More data is available.","2042","0",,"2","0","0","144115188075855872","5143","Microsoft-Windows-Windows Firewall With Advanced Security","d1bc9aff-2abf-4d71-9146-ecb2a986eb85","System","2952","2472","ASCENDI-VEM0NO7","S-1-5-19","8/1/2025 10:17:23 AM",,,"System","System.UInt32[]","System.Diagnostics.Eventing.Reader.EventBookmark","Error","Info",,"System.Collections.ObjectModel.ReadOnlyCollection`1[System.String]","System.Collections.Generic.List`1[System.Diagnostics.Eventing.Reader.EventProperty]"
"The previous system shutdown at 10:10:32 AM on ?8/?1/?2025 was unexpected.","6008","0","32768","2","0","0","36028797018963968","5057","EventLog",,"System","1472","2080","ASCENDI-VEM0NO7",,"8/1/2025 10:17:13 AM",,,"System","System.UInt32[]","System.Diagnostics.Eventing.Reader.EventBookmark","Error",,"None","System.Collections.ObjectModel.ReadOnlyCollection`1[System.String]","System.Collections.Generic.List`1[System.Diagnostics.Eventing.Reader.EventProperty]"
"The system firmware returned an error Unspecified error when attempting to update a Secure Boot variable. For more information, please see https://go.microsoft.com/fwlink/?linkid=2169931","1795","0",,"2","0","0","-9223372036854775808","5049","Microsoft-Windows-TPM-WMI","7d5387b0-cbe0-11da-a94d-0800200c9a66","System","9036","7520","ASCENDI-VEM0NO7","S-1-5-18","8/1/2025 9:32:37 AM",,,"System","System.UInt32[]","System.Diagnostics.Eventing.Reader.EventBookmark","Error","Info",,"System.Collections.ObjectModel.ReadOnlyCollection`1[System.String]","System.Collections.Generic.List`1[System.Diagnostics.Eventing.Reader.EventProperty]"
"The server {8CFC164F-4BE5-4FDD-94E9-E2AF73ED4A19} did not register with DCOM within the required timeout.","10010","0","0","2","0","0","-9187343239835811840","5046","Microsoft-Windows-DistributedCOM","1b562e86-b7aa-4131-badc-b6f3a001407e","System","544","1088","ASCENDI-VEM0NO7","S-1-5-21-3485362452-2712526941-260529962-1000","8/1/2025 9:27:22 AM","5c22a999-0297-0000-be11-235c9702dc01",,"System","System.UInt32[]","System.Diagnostics.Eventing.Reader.EventBookmark","Error","Info",,"System.Collections.ObjectModel.ReadOnlyCollection`1[System.String]","System.Collections.Generic.List`1[System.Diagnostics.Eventing.Reader.EventProperty]"
"Config Read Failed

Config:	18
Error:	More data is available.","2042","0",,"2","0","0","144115188075855872","5036","Microsoft-Windows-Windows Firewall With Advanced Security","d1bc9aff-2abf-4d71-9146-ecb2a986eb85","System","3020","3136","ASCENDI-VEM0NO7","S-1-5-19","8/1/2025 9:20:56 AM",,,"System","System.UInt32[]","System.Diagnostics.Eventing.Reader.EventBookmark","Error","Info",,"System.Collections.ObjectModel.ReadOnlyCollection`1[System.String]","System.Collections.Generic.List`1[System.Diagnostics.Eventing.Reader.EventProperty]"
"The previous system shutdown at 4:35:48 PM on ?7/?31/?2025 was unexpected.","6008","0","32768","2","0","0","36028797018963968","4962","EventLog",,"System","532","2088","ASCENDI-VEM0NO7",,"8/1/2025 9:20:44 AM",,,"System","System.UInt32[]","System.Diagnostics.Eventing.Reader.EventBookmark","Error",,"None","System.Collections.ObjectModel.ReadOnlyCollection`1[System.String]","System.Collections.Generic.List`1[System.Diagnostics.Eventing.Reader.EventProperty]"
"The AppX Deployment Service (AppXSVC) service failed to start due to the following error: 
The service did not respond to the start or control request in a timely fashion.","7000","0","49152","2","0","0","-9187343239835811840","4919","Service Control Manager","555908d1-a6d7-4695-8e1e-26931d2012f4","System","836","5940","ASCENDI-VEM0NO7",,"7/31/2025 2:04:14 PM",,,"System","System.UInt32[]","System.Diagnostics.Eventing.Reader.EventBookmark","Error",,,"System.Collections.ObjectModel.ReadOnlyCollection`1[System.String]","System.Collections.Generic.List`1[System.Diagnostics.Eventing.Reader.EventProperty]"
"A timeout was reached (30000 milliseconds) while waiting for the AppX Deployment Service (AppXSVC) service to connect.","7009","0","49152","2","0","0","-9187343239835811840","4918","Service Control Manager","555908d1-a6d7-4695-8e1e-26931d2012f4","System","836","5940","ASCENDI-VEM0NO7",,"7/31/2025 2:04:14 PM",,,"System","System.UInt32[]","System.Diagnostics.Eventing.Reader.EventBookmark","Error",,,"System.Collections.ObjectModel.ReadOnlyCollection`1[System.String]","System.Collections.Generic.List`1[System.Diagnostics.Eventing.Reader.EventProperty]"
"The system firmware returned an error Unspecified error when attempting to update a Secure Boot variable. For more information, please see https://go.microsoft.com/fwlink/?linkid=2169931","1795","0",,"2","0","0","-9223372036854775808","4878","Microsoft-Windows-TPM-WMI","7d5387b0-cbe0-11da-a94d-0800200c9a66","System","4412","5600","ASCENDI-VEM0NO7","S-1-5-18","7/31/2025 9:13:26 AM",,,"System","System.UInt32[]","System.Diagnostics.Eventing.Reader.EventBookmark","Error","Info",,"System.Collections.ObjectModel.ReadOnlyCollection`1[System.String]","System.Collections.Generic.List`1[System.Diagnostics.Eventing.Reader.EventProperty]"
"Config Read Failed

Config:	18
Error:	More data is available.","2042","0",,"2","0","0","144115188075855872","4869","Microsoft-Windows-Windows Firewall With Advanced Security","d1bc9aff-2abf-4d71-9146-ecb2a986eb85","System","2916","2704","ASCENDI-VEM0NO7","S-1-5-19","7/31/2025 9:07:05 AM",,,"System","System.UInt32[]","System.Diagnostics.Eventing.Reader.EventBookmark","Error","Info",,"System.Collections.ObjectModel.ReadOnlyCollection`1[System.String]","System.Collections.Generic.List`1[System.Diagnostics.Eventing.Reader.EventProperty]"
"The previous system shutdown at 11:10:19 PM on ?7/?30/?2025 was unexpected.","6008","0","32768","2","0","0","36028797018963968","4795","EventLog",,"System","1968","1256","ASCENDI-VEM0NO7",,"7/31/2025 9:06:59 AM",,,"System","System.UInt32[]","System.Diagnostics.Eventing.Reader.EventBookmark","Error",,"None","System.Collections.ObjectModel.ReadOnlyCollection`1[System.String]","System.Collections.Generic.List`1[System.Diagnostics.Eventing.Reader.EventProperty]"
"The system firmware returned an error Unspecified error when attempting to update a Secure Boot variable. For more information, please see https://go.microsoft.com/fwlink/?linkid=2169931","1795","0",,"2","0","0","-9223372036854775808","4766","Microsoft-Windows-TPM-WMI","7d5387b0-cbe0-11da-a94d-0800200c9a66","System","2240","8472","ASCENDI-VEM0NO7","S-1-5-18","7/30/2025 9:35:07 PM",,,"System","System.UInt32[]","System.Diagnostics.Eventing.Reader.EventBookmark","Error","Info",,"System.Collections.ObjectModel.ReadOnlyCollection`1[System.String]","System.Collections.Generic.List`1[System.Diagnostics.Eventing.Reader.EventProperty]"
"Config Read Failed

Config:	18
Error:	More data is available.","2042","0",,"2","0","0","144115188075855872","4759","Microsoft-Windows-Windows Firewall With Advanced Security","d1bc9aff-2abf-4d71-9146-ecb2a986eb85","System","2908","2656","ASCENDI-VEM0NO7","S-1-5-19","7/30/2025 9:30:17 PM",,,"System","System.UInt32[]","System.Diagnostics.Eventing.Reader.EventBookmark","Error","Info",,"System.Collections.ObjectModel.ReadOnlyCollection`1[System.String]","System.Collections.Generic.List`1[System.Diagnostics.Eventing.Reader.EventProperty]"
"The previous system shutdown at 9:22:34 PM on ?7/?30/?2025 was unexpected.","6008","0","32768","2","0","0","36028797018963968","4675","EventLog",,"System","916","1884","ASCENDI-VEM0NO7",,"7/30/2025 9:30:07 PM",,,"System","System.UInt32[]","System.Diagnostics.Eventing.Reader.EventBookmark","Error",,"None","System.Collections.ObjectModel.ReadOnlyCollection`1[System.String]","System.Collections.Generic.List`1[System.Diagnostics.Eventing.Reader.EventProperty]"
"Config Read Failed

Config:	18
Error:	More data is available.","2042","0",,"2","0","0","144115188075855872","4656","Microsoft-Windows-Windows Firewall With Advanced Security","d1bc9aff-2abf-4d71-9146-ecb2a986eb85","System","3048","3140","ASCENDI-VEM0NO7","S-1-5-19","7/30/2025 9:22:45 PM",,,"System","System.UInt32[]","System.Diagnostics.Eventing.Reader.EventBookmark","Error","Info",,"System.Collections.ObjectModel.ReadOnlyCollection`1[System.String]","System.Collections.Generic.List`1[System.Diagnostics.Eventing.Reader.EventProperty]"
"The previous system shutdown at 4:54:48 PM on ?7/?30/?2025 was unexpected.","6008","0","32768","2","0","0","36028797018963968","4570","EventLog",,"System","2088","2224","ASCENDI-VEM0NO7",,"7/30/2025 9:22:34 PM",,,"System","System.UInt32[]","System.Diagnostics.Eventing.Reader.EventBookmark","Error",,"None","System.Collections.ObjectModel.ReadOnlyCollection`1[System.String]","System.Collections.Generic.List`1[System.Diagnostics.Eventing.Reader.EventProperty]"
"The system firmware returned an error Unspecified error when attempting to update a Secure Boot variable. For more information, please see https://go.microsoft.com/fwlink/?linkid=2169931","1795","0",,"2","0","0","-9223372036854775808","4500","Microsoft-Windows-TPM-WMI","7d5387b0-cbe0-11da-a94d-0800200c9a66","System","3716","4648","ASCENDI-VEM0NO7","S-1-5-18","7/30/2025 9:19:53 AM",,,"System","System.UInt32[]","System.Diagnostics.Eventing.Reader.EventBookmark","Error","Info",,"System.Collections.ObjectModel.ReadOnlyCollection`1[System.String]","System.Collections.Generic.List`1[System.Diagnostics.Eventing.Reader.EventProperty]"
"Config Read Failed

Config:	18
Error:	More data is available.","2042","0",,"2","0","0","144115188075855872","4492","Microsoft-Windows-Windows Firewall With Advanced Security","d1bc9aff-2abf-4d71-9146-ecb2a986eb85","System","3060","3116","ASCENDI-VEM0NO7","S-1-5-19","7/30/2025 9:15:03 AM",,,"System","System.UInt32[]","System.Diagnostics.Eventing.Reader.EventBookmark","Error","Info",,"System.Collections.ObjectModel.ReadOnlyCollection`1[System.String]","System.Collections.Generic.List`1[System.Diagnostics.Eventing.Reader.EventProperty]"
"The previous system shutdown at 4:58:14 PM on ?7/?29/?2025 was unexpected.","6008","0","32768","2","0","0","36028797018963968","4406","EventLog",,"System","2052","2160","ASCENDI-VEM0NO7",,"7/30/2025 9:14:49 AM",,,"System","System.UInt32[]","System.Diagnostics.Eventing.Reader.EventBookmark","Error",,"None","System.Collections.ObjectModel.ReadOnlyCollection`1[System.String]","System.Collections.Generic.List`1[System.Diagnostics.Eventing.Reader.EventProperty]"
"The system firmware returned an error Unspecified error when attempting to update a Secure Boot variable. For more information, please see https://go.microsoft.com/fwlink/?linkid=2169931","1795","0",,"2","0","0","-9223372036854775808","4334","Microsoft-Windows-TPM-WMI","7d5387b0-cbe0-11da-a94d-0800200c9a66","System","10544","5724","ASCENDI-VEM0NO7","S-1-5-18","7/29/2025 9:27:14 AM",,,"System","System.UInt32[]","System.Diagnostics.Eventing.Reader.EventBookmark","Error","Info",,"System.Collections.ObjectModel.ReadOnlyCollection`1[System.String]","System.Collections.Generic.List`1[System.Diagnostics.Eventing.Reader.EventProperty]"
"Config Read Failed

Config:	18
Error:	More data is available.","2042","0",,"2","0","0","144115188075855872","4325","Microsoft-Windows-Windows Firewall With Advanced Security","d1bc9aff-2abf-4d71-9146-ecb2a986eb85","System","2932","3076","ASCENDI-VEM0NO7","S-1-5-19","7/29/2025 9:22:18 AM",,,"System","System.UInt32[]","System.Diagnostics.Eventing.Reader.EventBookmark","Error","Info",,"System.Collections.ObjectModel.ReadOnlyCollection`1[System.String]","System.Collections.Generic.List`1[System.Diagnostics.Eventing.Reader.EventProperty]"
"The previous system shutdown at 11:12:07 PM on ?7/?28/?2025 was unexpected.","6008","0","32768","2","0","0","36028797018963968","4254","EventLog",,"System","2012","1408","ASCENDI-VEM0NO7",,"7/29/2025 9:22:12 AM",,,"System","System.UInt32[]","System.Diagnostics.Eventing.Reader.EventBookmark","Error",,"None","System.Collections.ObjectModel.ReadOnlyCollection`1[System.String]","System.Collections.Generic.List`1[System.Diagnostics.Eventing.Reader.EventProperty]"
"The system firmware returned an error Unspecified error when attempting to update a Secure Boot variable. For more information, please see https://go.microsoft.com/fwlink/?linkid=2169931","1795","0",,"2","0","0","-9223372036854775808","4207","Microsoft-Windows-TPM-WMI","7d5387b0-cbe0-11da-a94d-0800200c9a66","System","9184","6076","ASCENDI-VEM0NO7","S-1-5-18","7/28/2025 6:47:05 PM",,,"System","System.UInt32[]","System.Diagnostics.Eventing.Reader.EventBookmark","Error","Info",,"System.Collections.ObjectModel.ReadOnlyCollection`1[System.String]","System.Collections.Generic.List`1[System.Diagnostics.Eventing.Reader.EventProperty]"
"DCOM got error ""1053"" attempting to start the service cbdhsvc_70ac7 with arguments ""Unavailable"" in order to run the server:
Windows.ApplicationModel.Internal.DataTransfer.ClipboardHistoryServer","10005","0","0","2","0","0","-9187343239835811840","4203","Microsoft-Windows-DistributedCOM","1b562e86-b7aa-4131-badc-b6f3a001407e","System","972","4680","ASCENDI-VEM0NO7","S-1-5-21-3485362452-2712526941-260529962-1000","7/28/2025 6:44:58 PM",,,"System","System.UInt32[]","System.Diagnostics.Eventing.Reader.EventBookmark","Error","Info",,"System.Collections.ObjectModel.ReadOnlyCollection`1[System.String]","System.Collections.Generic.List`1[System.Diagnostics.Eventing.Reader.EventProperty]"
"The Clipboard User Service_70ac7 service failed to start due to the following error: 
The service did not respond to the start or control request in a timely fashion.","7000","0","49152","2","0","0","-9187343239835811840","4202","Service Control Manager","555908d1-a6d7-4695-8e1e-26931d2012f4","System","840","1248","ASCENDI-VEM0NO7",,"7/28/2025 6:44:58 PM",,,"System","System.UInt32[]","System.Diagnostics.Eventing.Reader.EventBookmark","Error",,,"System.Collections.ObjectModel.ReadOnlyCollection`1[System.String]","System.Collections.Generic.List`1[System.Diagnostics.Eventing.Reader.EventProperty]"
"A timeout was reached (30000 milliseconds) while waiting for the Clipboard User Service_70ac7 service to connect.","7009","0","49152","2","0","0","-9187343239835811840","4201","Service Control Manager","555908d1-a6d7-4695-8e1e-26931d2012f4","System","840","1248","ASCENDI-VEM0NO7",,"7/28/2025 6:44:58 PM",,,"System","System.UInt32[]","System.Diagnostics.Eventing.Reader.EventBookmark","Error",,,"System.Collections.ObjectModel.ReadOnlyCollection`1[System.String]","System.Collections.Generic.List`1[System.Diagnostics.Eventing.Reader.EventProperty]"
"Config Read Failed

Config:	18
Error:	More data is available.","2042","0",,"2","0","0","144115188075855872","4194","Microsoft-Windows-Windows Firewall With Advanced Security","d1bc9aff-2abf-4d71-9146-ecb2a986eb85","System","3068","3168","ASCENDI-VEM0NO7","S-1-5-19","7/28/2025 6:42:19 PM",,,"System","System.UInt32[]","System.Diagnostics.Eventing.Reader.EventBookmark","Error","Info",,"System.Collections.ObjectModel.ReadOnlyCollection`1[System.String]","System.Collections.Generic.List`1[System.Diagnostics.Eventing.Reader.EventProperty]"
"The previous system shutdown at 4:39:37 PM on ?7/?28/?2025 was unexpected.","6008","0","32768","2","0","0","36028797018963968","4108","EventLog",,"System","1940","2280","ASCENDI-VEM0NO7",,"7/28/2025 6:41:51 PM",,,"System","System.UInt32[]","System.Diagnostics.Eventing.Reader.EventBookmark","Error",,"None","System.Collections.ObjectModel.ReadOnlyCollection`1[System.String]","System.Collections.Generic.List`1[System.Diagnostics.Eventing.Reader.EventProperty]"
"The system firmware returned an error Unspecified error when attempting to update a Secure Boot variable. For more information, please see https://go.microsoft.com/fwlink/?linkid=2169931","1795","0",,"2","0","0","-9223372036854775808","4031","Microsoft-Windows-TPM-WMI","7d5387b0-cbe0-11da-a94d-0800200c9a66","System","1784","3180","ASCENDI-VEM0NO7","S-1-5-18","7/28/2025 9:42:18 AM",,,"System","System.UInt32[]","System.Diagnostics.Eventing.Reader.EventBookmark","Error","Info",,"System.Collections.ObjectModel.ReadOnlyCollection`1[System.String]","System.Collections.Generic.List`1[System.Diagnostics.Eventing.Reader.EventProperty]"
"Config Read Failed

Config:	18
Error:	More data is available.","2042","0",,"2","0","0","144115188075855872","4003","Microsoft-Windows-Windows Firewall With Advanced Security","d1bc9aff-2abf-4d71-9146-ecb2a986eb85","System","3012","3088","ASCENDI-VEM0NO7","S-1-5-19","7/28/2025 9:27:26 AM",,,"System","System.UInt32[]","System.Diagnostics.Eventing.Reader.EventBookmark","Error","Info",,"System.Collections.ObjectModel.ReadOnlyCollection`1[System.String]","System.Collections.Generic.List`1[System.Diagnostics.Eventing.Reader.EventProperty]"
"The previous system shutdown at 4:45:57 PM on ?7/?23/?2025 was unexpected.","6008","0","32768","2","0","0","36028797018963968","3923","EventLog",,"System","1448","2060","ASCENDI-VEM0NO7",,"7/28/2025 9:27:21 AM",,,"System","System.UInt32[]","System.Diagnostics.Eventing.Reader.EventBookmark","Error",,"None","System.Collections.ObjectModel.ReadOnlyCollection`1[System.String]","System.Collections.Generic.List`1[System.Diagnostics.Eventing.Reader.EventProperty]"
"Installation Failure: Windows failed to install the following update with error 0x80240016: Security Intelligence Update for Microsoft Defender Antivirus - KB2267602 (Version 1.433.4.0) - Current Channel (Broad).","20","1",,"2","1","13","-9223372036854775768","3878","Microsoft-Windows-WindowsUpdateClient","945a8954-c147-4acd-923f-40c45405a658","System","3132","10492","ASCENDI-VEM0NO7","S-1-5-18","7/23/2025 10:32:48 AM",,,"System","System.UInt32[]","System.Diagnostics.Eventing.Reader.EventBookmark","Error","Installation","Windows Update Agent","System.Collections.ObjectModel.ReadOnlyCollection`1[System.String]","System.Collections.Generic.List`1[System.Diagnostics.Eventing.Reader.EventProperty]"
"The system firmware returned an error Unspecified error when attempting to update a Secure Boot variable. For more information, please see https://go.microsoft.com/fwlink/?linkid=2169931","1795","0",,"2","0","0","-9223372036854775808","3863","Microsoft-Windows-TPM-WMI","7d5387b0-cbe0-11da-a94d-0800200c9a66","System","3760","4444","ASCENDI-VEM0NO7","S-1-5-18","7/23/2025 10:24:35 AM",,,"System","System.UInt32[]","System.Diagnostics.Eventing.Reader.EventBookmark","Error","Info",,"System.Collections.ObjectModel.ReadOnlyCollection`1[System.String]","System.Collections.Generic.List`1[System.Diagnostics.Eventing.Reader.EventProperty]"
"The AppX Deployment Service (AppXSVC) service failed to start due to the following error: 
The service did not respond to the start or control request in a timely fashion.","7000","0","49152","2","0","0","-9187343239835811840","3862","Service Control Manager","555908d1-a6d7-4695-8e1e-26931d2012f4","System","868","1908","ASCENDI-VEM0NO7",,"7/23/2025 10:24:29 AM",,,"System","System.UInt32[]","System.Diagnostics.Eventing.Reader.EventBookmark","Error",,,"System.Collections.ObjectModel.ReadOnlyCollection`1[System.String]","System.Collections.Generic.List`1[System.Diagnostics.Eventing.Reader.EventProperty]"
"A timeout was reached (30000 milliseconds) while waiting for the AppX Deployment Service (AppXSVC) service to connect.","7009","0","49152","2","0","0","-9187343239835811840","3861","Service Control Manager","555908d1-a6d7-4695-8e1e-26931d2012f4","System","868","1908","ASCENDI-VEM0NO7",,"7/23/2025 10:24:29 AM",,,"System","System.UInt32[]","System.Diagnostics.Eventing.Reader.EventBookmark","Error",,,"System.Collections.ObjectModel.ReadOnlyCollection`1[System.String]","System.Collections.Generic.List`1[System.Diagnostics.Eventing.Reader.EventProperty]"
"Config Read Failed

Config:	18
Error:	More data is available.","2042","0",,"2","0","0","144115188075855872","3855","Microsoft-Windows-Windows Firewall With Advanced Security","d1bc9aff-2abf-4d71-9146-ecb2a986eb85","System","2264","3416","ASCENDI-VEM0NO7","S-1-5-19","7/23/2025 10:04:46 AM",,,"System","System.UInt32[]","System.Diagnostics.Eventing.Reader.EventBookmark","Error","Info",,"System.Collections.ObjectModel.ReadOnlyCollection`1[System.String]","System.Collections.Generic.List`1[System.Diagnostics.Eventing.Reader.EventProperty]"
"The previous system shutdown at 4:45:29 PM on ?7/?22/?2025 was unexpected.","6008","0","32768","2","0","0","36028797018963968","3759","EventLog",,"System","2044","2052","ASCENDI-VEM0NO7",,"7/23/2025 10:04:02 AM",,,"System","System.UInt32[]","System.Diagnostics.Eventing.Reader.EventBookmark","Error",,"None","System.Collections.ObjectModel.ReadOnlyCollection`1[System.String]","System.Collections.Generic.List`1[System.Diagnostics.Eventing.Reader.EventProperty]"
"The Microsoft Account Sign-in Assistant service failed to start due to the following error: 
The service did not respond to the start or control request in a timely fashion.","7000","0","49152","2","0","0","-9187343239835811840","3744","Service Control Manager","555908d1-a6d7-4695-8e1e-26931d2012f4","System","832","5448","ASCENDI-VEM0NO7",,"7/22/2025 3:20:34 PM",,,"System","System.UInt32[]","System.Diagnostics.Eventing.Reader.EventBookmark","Error",,,"System.Collections.ObjectModel.ReadOnlyCollection`1[System.String]","System.Collections.Generic.List`1[System.Diagnostics.Eventing.Reader.EventProperty]"
"A timeout was reached (30000 milliseconds) while waiting for the Microsoft Account Sign-in Assistant service to connect.","7009","0","49152","2","0","0","-9187343239835811840","3743","Service Control Manager","555908d1-a6d7-4695-8e1e-26931d2012f4","System","832","5448","ASCENDI-VEM0NO7",,"7/22/2025 3:20:34 PM",,,"System","System.UInt32[]","System.Diagnostics.Eventing.Reader.EventBookmark","Error",,,"System.Collections.ObjectModel.ReadOnlyCollection`1[System.String]","System.Collections.Generic.List`1[System.Diagnostics.Eventing.Reader.EventProperty]"
"The system firmware returned an error Unspecified error when attempting to update a Secure Boot variable. For more information, please see https://go.microsoft.com/fwlink/?linkid=2169931","1795","0",,"2","0","0","-9223372036854775808","3713","Microsoft-Windows-TPM-WMI","7d5387b0-cbe0-11da-a94d-0800200c9a66","System","7252","1672","ASCENDI-VEM0NO7","S-1-5-18","7/22/2025 10:36:35 AM",,,"System","System.UInt32[]","System.Diagnostics.Eventing.Reader.EventBookmark","Error","Info",,"System.Collections.ObjectModel.ReadOnlyCollection`1[System.String]","System.Collections.Generic.List`1[System.Diagnostics.Eventing.Reader.EventProperty]"
"Config Read Failed

Config:	18
Error:	More data is available.","2042","0",,"2","0","0","144115188075855872","3702","Microsoft-Windows-Windows Firewall With Advanced Security","d1bc9aff-2abf-4d71-9146-ecb2a986eb85","System","3040","3160","ASCENDI-VEM0NO7","S-1-5-19","7/22/2025 10:31:44 AM",,,"System","System.UInt32[]","System.Diagnostics.Eventing.Reader.EventBookmark","Error","Info",,"System.Collections.ObjectModel.ReadOnlyCollection`1[System.String]","System.Collections.Generic.List`1[System.Diagnostics.Eventing.Reader.EventProperty]"
"The previous system shutdown at 4:55:21 PM on ?7/?21/?2025 was unexpected.","6008","0","32768","2","0","0","36028797018963968","3619","EventLog",,"System","1204","2056","ASCENDI-VEM0NO7",,"7/22/2025 10:31:35 AM",,,"System","System.UInt32[]","System.Diagnostics.Eventing.Reader.EventBookmark","Error",,"None","System.Collections.ObjectModel.ReadOnlyCollection`1[System.String]","System.Collections.Generic.List`1[System.Diagnostics.Eventing.Reader.EventProperty]"
"The Inventory and Compatibility Appraisal service service failed to start due to the following error: 
The service did not respond to the start or control request in a timely fashion.","7000","0","49152","2","0","0","-9187343239835811840","3595","Service Control Manager","555908d1-a6d7-4695-8e1e-26931d2012f4","System","820","12944","ASCENDI-VEM0NO7",,"7/21/2025 3:33:49 PM",,,"System","System.UInt32[]","System.Diagnostics.Eventing.Reader.EventBookmark","Error",,,"System.Collections.ObjectModel.ReadOnlyCollection`1[System.String]","System.Collections.Generic.List`1[System.Diagnostics.Eventing.Reader.EventProperty]"
"A timeout was reached (30000 milliseconds) while waiting for the Inventory and Compatibility Appraisal service service to connect.","7009","0","49152","2","0","0","-9187343239835811840","3594","Service Control Manager","555908d1-a6d7-4695-8e1e-26931d2012f4","System","820","12944","ASCENDI-VEM0NO7",,"7/21/2025 3:33:49 PM",,,"System","System.UInt32[]","System.Diagnostics.Eventing.Reader.EventBookmark","Error",,,"System.Collections.ObjectModel.ReadOnlyCollection`1[System.String]","System.Collections.Generic.List`1[System.Diagnostics.Eventing.Reader.EventProperty]"
"The server MicrosoftWindows.Client.CBS_1000.26100.128.0_x64__cw5n1h2txyewy!WebExperienceHost.AppXtxeqzv5qynpmss219yp8y0zwb6g7a52b.mca did not register with DCOM within the required timeout.","10010","0","0","2","0","0","-9187343239835811840","3569","Microsoft-Windows-DistributedCOM","1b562e86-b7aa-4131-badc-b6f3a001407e","System","536","9992","ASCENDI-VEM0NO7","S-1-5-21-3485362452-2712526941-260529962-1000","7/21/2025 11:45:50 AM","ea6ed0e6-f9f2-0001-f698-70eaf2f9db01",,"System","System.UInt32[]","System.Diagnostics.Eventing.Reader.EventBookmark","Error","Info",,"System.Collections.ObjectModel.ReadOnlyCollection`1[System.String]","System.Collections.Generic.List`1[System.Diagnostics.Eventing.Reader.EventProperty]"
"The system firmware returned an error Unspecified error when attempting to update a Secure Boot variable. For more information, please see https://go.microsoft.com/fwlink/?linkid=2169931","1795","0",,"2","0","0","-9223372036854775808","3544","Microsoft-Windows-TPM-WMI","7d5387b0-cbe0-11da-a94d-0800200c9a66","System","6828","3804","ASCENDI-VEM0NO7","S-1-5-18","7/21/2025 9:29:02 AM",,,"System","System.UInt32[]","System.Diagnostics.Eventing.Reader.EventBookmark","Error","Info",,"System.Collections.ObjectModel.ReadOnlyCollection`1[System.String]","System.Collections.Generic.List`1[System.Diagnostics.Eventing.Reader.EventProperty]"
"Config Read Failed

Config:	18
Error:	More data is available.","2042","0",,"2","0","0","144115188075855872","3536","Microsoft-Windows-Windows Firewall With Advanced Security","d1bc9aff-2abf-4d71-9146-ecb2a986eb85","System","2916","2116","ASCENDI-VEM0NO7","S-1-5-19","7/21/2025 9:23:39 AM",,,"System","System.UInt32[]","System.Diagnostics.Eventing.Reader.EventBookmark","Error","Info",,"System.Collections.ObjectModel.ReadOnlyCollection`1[System.String]","System.Collections.Generic.List`1[System.Diagnostics.Eventing.Reader.EventProperty]"
"The previous system shutdown at 11:04:22 PM on ?7/?20/?2025 was unexpected.","6008","0","32768","2","0","0","36028797018963968","3458","EventLog",,"System","2000","1300","ASCENDI-VEM0NO7",,"7/21/2025 9:23:25 AM",,,"System","System.UInt32[]","System.Diagnostics.Eventing.Reader.EventBookmark","Error",,"None","System.Collections.ObjectModel.ReadOnlyCollection`1[System.String]","System.Collections.Generic.List`1[System.Diagnostics.Eventing.Reader.EventProperty]"
"Installation Failure: Windows failed to install the following update with error 0x80240016: Security Intelligence Update for Microsoft Defender Antivirus - KB2267602 (Version 1.431.766.0) - Current Channel (Broad).","20","1",,"2","1","13","-9223372036854775768","3420","Microsoft-Windows-WindowsUpdateClient","945a8954-c147-4acd-923f-40c45405a658","System","4416","528","ASCENDI-VEM0NO7","S-1-5-18","7/20/2025 9:13:20 PM",,,"System","System.UInt32[]","System.Diagnostics.Eventing.Reader.EventBookmark","Error","Installation","Windows Update Agent","System.Collections.ObjectModel.ReadOnlyCollection`1[System.String]","System.Collections.Generic.List`1[System.Diagnostics.Eventing.Reader.EventProperty]"
"The system firmware returned an error Unspecified error when attempting to update a Secure Boot variable. For more information, please see https://go.microsoft.com/fwlink/?linkid=2169931","1795","0",,"2","0","0","-9223372036854775808","3414","Microsoft-Windows-TPM-WMI","7d5387b0-cbe0-11da-a94d-0800200c9a66","System","1128","1116","ASCENDI-VEM0NO7","S-1-5-18","7/20/2025 9:06:43 PM",,,"System","System.UInt32[]","System.Diagnostics.Eventing.Reader.EventBookmark","Error","Info",,"System.Collections.ObjectModel.ReadOnlyCollection`1[System.String]","System.Collections.Generic.List`1[System.Diagnostics.Eventing.Reader.EventProperty]"
"Config Read Failed

Config:	18
Error:	More data is available.","2042","0",,"2","0","0","144115188075855872","3406","Microsoft-Windows-Windows Firewall With Advanced Security","d1bc9aff-2abf-4d71-9146-ecb2a986eb85","System","3036","3132","ASCENDI-VEM0NO7","S-1-5-19","7/20/2025 9:01:48 PM",,,"System","System.UInt32[]","System.Diagnostics.Eventing.Reader.EventBookmark","Error","Info",,"System.Collections.ObjectModel.ReadOnlyCollection`1[System.String]","System.Collections.Generic.List`1[System.Diagnostics.Eventing.Reader.EventProperty]"
"The previous system shutdown at 4:52:48 PM on ?7/?18/?2025 was unexpected.","6008","0","32768","2","0","0","36028797018963968","3336","EventLog",,"System","2036","740","ASCENDI-VEM0NO7",,"7/20/2025 9:01:42 PM",,,"System","System.UInt32[]","System.Diagnostics.Eventing.Reader.EventBookmark","Error",,"None","System.Collections.ObjectModel.ReadOnlyCollection`1[System.String]","System.Collections.Generic.List`1[System.Diagnostics.Eventing.Reader.EventProperty]"
"The system firmware returned an error Unspecified error when attempting to update a Secure Boot variable. For more information, please see https://go.microsoft.com/fwlink/?linkid=2169931","1795","0",,"2","0","0","-9223372036854775808","3272","Microsoft-Windows-TPM-WMI","7d5387b0-cbe0-11da-a94d-0800200c9a66","System","3856","1992","ASCENDI-VEM0NO7","S-1-5-18","7/18/2025 10:46:01 AM",,,"System","System.UInt32[]","System.Diagnostics.Eventing.Reader.EventBookmark","Error","Info",,"System.Collections.ObjectModel.ReadOnlyCollection`1[System.String]","System.Collections.Generic.List`1[System.Diagnostics.Eventing.Reader.EventProperty]"
"Config Read Failed

Config:	18
Error:	More data is available.","2042","0",,"2","0","0","144115188075855872","3263","Microsoft-Windows-Windows Firewall With Advanced Security","d1bc9aff-2abf-4d71-9146-ecb2a986eb85","System","2940","3084","ASCENDI-VEM0NO7","S-1-5-19","7/18/2025 10:41:09 AM",,,"System","System.UInt32[]","System.Diagnostics.Eventing.Reader.EventBookmark","Error","Info",,"System.Collections.ObjectModel.ReadOnlyCollection`1[System.String]","System.Collections.Generic.List`1[System.Diagnostics.Eventing.Reader.EventProperty]"
"The previous system shutdown at 10:33:09 AM on ?7/?18/?2025 was unexpected.","6008","0","32768","2","0","0","36028797018963968","3180","EventLog",,"System","2036","1744","ASCENDI-VEM0NO7",,"7/18/2025 10:41:01 AM",,,"System","System.UInt32[]","System.Diagnostics.Eventing.Reader.EventBookmark","Error",,"None","System.Collections.ObjectModel.ReadOnlyCollection`1[System.String]","System.Collections.Generic.List`1[System.Diagnostics.Eventing.Reader.EventProperty]"
"The system firmware returned an error Unspecified error when attempting to update a Secure Boot variable. For more information, please see https://go.microsoft.com/fwlink/?linkid=2169931","1795","0",,"2","0","0","-9223372036854775808","3153","Microsoft-Windows-TPM-WMI","7d5387b0-cbe0-11da-a94d-0800200c9a66","System","10088","1936","ASCENDI-VEM0NO7","S-1-5-18","7/18/2025 9:17:12 AM",,,"System","System.UInt32[]","System.Diagnostics.Eventing.Reader.EventBookmark","Error","Info",,"System.Collections.ObjectModel.ReadOnlyCollection`1[System.String]","System.Collections.Generic.List`1[System.Diagnostics.Eventing.Reader.EventProperty]"
"Config Read Failed

Config:	18
Error:	More data is available.","2042","0",,"2","0","0","144115188075855872","3141","Microsoft-Windows-Windows Firewall With Advanced Security","d1bc9aff-2abf-4d71-9146-ecb2a986eb85","System","3024","3184","ASCENDI-VEM0NO7","S-1-5-19","7/18/2025 9:11:23 AM",,,"System","System.UInt32[]","System.Diagnostics.Eventing.Reader.EventBookmark","Error","Info",,"System.Collections.ObjectModel.ReadOnlyCollection`1[System.String]","System.Collections.Generic.List`1[System.Diagnostics.Eventing.Reader.EventProperty]"
"The previous system shutdown at 4:44:29 PM on ?7/?17/?2025 was unexpected.","6008","0","32768","2","0","0","36028797018963968","3059","EventLog",,"System","2008","1484","ASCENDI-VEM0NO7",,"7/18/2025 9:11:15 AM",,,"System","System.UInt32[]","System.Diagnostics.Eventing.Reader.EventBookmark","Error",,"None","System.Collections.ObjectModel.ReadOnlyCollection`1[System.String]","System.Collections.Generic.List`1[System.Diagnostics.Eventing.Reader.EventProperty]"
"The system firmware returned an error Unspecified error when attempting to update a Secure Boot variable. For more information, please see https://go.microsoft.com/fwlink/?linkid=2169931","1795","0",,"2","0","0","-9223372036854775808","2996","Microsoft-Windows-TPM-WMI","7d5387b0-cbe0-11da-a94d-0800200c9a66","System","2796","7856","ASCENDI-VEM0NO7","S-1-5-18","7/17/2025 9:59:52 AM",,,"System","System.UInt32[]","System.Diagnostics.Eventing.Reader.EventBookmark","Error","Info",,"System.Collections.ObjectModel.ReadOnlyCollection`1[System.String]","System.Collections.Generic.List`1[System.Diagnostics.Eventing.Reader.EventProperty]"
"Config Read Failed

Config:	18
Error:	More data is available.","2042","0",,"2","0","0","144115188075855872","2983","Microsoft-Windows-Windows Firewall With Advanced Security","d1bc9aff-2abf-4d71-9146-ecb2a986eb85","System","2952","3016","ASCENDI-VEM0NO7","S-1-5-19","7/17/2025 9:54:16 AM",,,"System","System.UInt32[]","System.Diagnostics.Eventing.Reader.EventBookmark","Error","Info",,"System.Collections.ObjectModel.ReadOnlyCollection`1[System.String]","System.Collections.Generic.List`1[System.Diagnostics.Eventing.Reader.EventProperty]"
"The previous system shutdown at 7:50:46 PM on ?7/?16/?2025 was unexpected.","6008","0","32768","2","0","0","36028797018963968","2899","EventLog",,"System","1956","1656","ASCENDI-VEM0NO7",,"7/17/2025 9:54:08 AM",,,"System","System.UInt32[]","System.Diagnostics.Eventing.Reader.EventBookmark","Error",,"None","System.Collections.ObjectModel.ReadOnlyCollection`1[System.String]","System.Collections.Generic.List`1[System.Diagnostics.Eventing.Reader.EventProperty]"
"The server {8CFC164F-4BE5-4FDD-94E9-E2AF73ED4A19} did not register with DCOM within the required timeout.","10010","0","0","2","0","0","-9187343239835811840","2885","Microsoft-Windows-DistributedCOM","1b562e86-b7aa-4131-badc-b6f3a001407e","System","412","6804","ASCENDI-VEM0NO7","S-1-5-21-3485362452-2712526941-260529962-1000","7/16/2025 7:58:25 PM","a6376f19-f65c-0000-9ee6-37a65cf6db01",,"System","System.UInt32[]","System.Diagnostics.Eventing.Reader.EventBookmark","Error","Info",,"System.Collections.ObjectModel.ReadOnlyCollection`1[System.String]","System.Collections.Generic.List`1[System.Diagnostics.Eventing.Reader.EventProperty]"
"Config Read Failed

Config:	18
Error:	More data is available.","2042","0",,"2","0","0","144115188075855872","2873","Microsoft-Windows-Windows Firewall With Advanced Security","d1bc9aff-2abf-4d71-9146-ecb2a986eb85","System","1940","3172","ASCENDI-VEM0NO7","S-1-5-19","7/16/2025 7:50:51 PM",,,"System","System.UInt32[]","System.Diagnostics.Eventing.Reader.EventBookmark","Error","Info",,"System.Collections.ObjectModel.ReadOnlyCollection`1[System.String]","System.Collections.Generic.List`1[System.Diagnostics.Eventing.Reader.EventProperty]"
"The previous system shutdown at 5:22:51 PM on ?7/?16/?2025 was unexpected.","6008","0","32768","2","0","0","36028797018963968","2790","EventLog",,"System","2092","2220","ASCENDI-VEM0NO7",,"7/16/2025 7:50:46 PM",,,"System","System.UInt32[]","System.Diagnostics.Eventing.Reader.EventBookmark","Error",,"None","System.Collections.ObjectModel.ReadOnlyCollection`1[System.String]","System.Collections.Generic.List`1[System.Diagnostics.Eventing.Reader.EventProperty]"
"The Group Policy Client service failed to start due to the following error: 
The service did not respond to the start or control request in a timely fashion.","7000","0","49152","2","0","0","-9187343239835811840","2734","Service Control Manager","555908d1-a6d7-4695-8e1e-26931d2012f4","System","840","5192","ASCENDI-VEM0NO7",,"7/16/2025 2:02:38 PM",,,"System","System.UInt32[]","System.Diagnostics.Eventing.Reader.EventBookmark","Error",,,"System.Collections.ObjectModel.ReadOnlyCollection`1[System.String]","System.Collections.Generic.List`1[System.Diagnostics.Eventing.Reader.EventProperty]"
"A timeout was reached (30000 milliseconds) while waiting for the Group Policy Client service to connect.","7009","0","49152","2","0","0","-9187343239835811840","2733","Service Control Manager","555908d1-a6d7-4695-8e1e-26931d2012f4","System","840","5192","ASCENDI-VEM0NO7",,"7/16/2025 2:02:38 PM",,,"System","System.UInt32[]","System.Diagnostics.Eventing.Reader.EventBookmark","Error",,,"System.Collections.ObjectModel.ReadOnlyCollection`1[System.String]","System.Collections.Generic.List`1[System.Diagnostics.Eventing.Reader.EventProperty]"
"The Software Protection service failed to start due to the following error: 
The service did not respond to the start or control request in a timely fashion.","7000","0","49152","2","0","0","-9187343239835811840","2732","Service Control Manager","555908d1-a6d7-4695-8e1e-26931d2012f4","System","840","9388","ASCENDI-VEM0NO7",,"7/16/2025 2:02:38 PM",,,"System","System.UInt32[]","System.Diagnostics.Eventing.Reader.EventBookmark","Error",,,"System.Collections.ObjectModel.ReadOnlyCollection`1[System.String]","System.Collections.Generic.List`1[System.Diagnostics.Eventing.Reader.EventProperty]"
"A timeout was reached (30000 milliseconds) while waiting for the Software Protection service to connect.","7009","0","49152","2","0","0","-9187343239835811840","2731","Service Control Manager","555908d1-a6d7-4695-8e1e-26931d2012f4","System","840","9388","ASCENDI-VEM0NO7",,"7/16/2025 2:02:38 PM",,,"System","System.UInt32[]","System.Diagnostics.Eventing.Reader.EventBookmark","Error",,,"System.Collections.ObjectModel.ReadOnlyCollection`1[System.String]","System.Collections.Generic.List`1[System.Diagnostics.Eventing.Reader.EventProperty]"
"The AppX Deployment Service (AppXSVC) service failed to start due to the following error: 
The service did not respond to the start or control request in a timely fashion.","7000","0","49152","2","0","0","-9187343239835811840","2705","Service Control Manager","555908d1-a6d7-4695-8e1e-26931d2012f4","System","840","3900","ASCENDI-VEM0NO7",,"7/16/2025 11:54:44 AM",,,"System","System.UInt32[]","System.Diagnostics.Eventing.Reader.EventBookmark","Error",,,"System.Collections.ObjectModel.ReadOnlyCollection`1[System.String]","System.Collections.Generic.List`1[System.Diagnostics.Eventing.Reader.EventProperty]"
"A timeout was reached (30000 milliseconds) while waiting for the AppX Deployment Service (AppXSVC) service to connect.","7009","0","49152","2","0","0","-9187343239835811840","2704","Service Control Manager","555908d1-a6d7-4695-8e1e-26931d2012f4","System","840","3900","ASCENDI-VEM0NO7",,"7/16/2025 11:54:44 AM",,,"System","System.UInt32[]","System.Diagnostics.Eventing.Reader.EventBookmark","Error",,,"System.Collections.ObjectModel.ReadOnlyCollection`1[System.String]","System.Collections.Generic.List`1[System.Diagnostics.Eventing.Reader.EventProperty]"
"The system firmware returned an error Unspecified error when attempting to update a Secure Boot variable. For more information, please see https://go.microsoft.com/fwlink/?linkid=2169931","1795","0",,"2","0","0","-9223372036854775808","2676","Microsoft-Windows-TPM-WMI","7d5387b0-cbe0-11da-a94d-0800200c9a66","System","1580","2460","ASCENDI-VEM0NO7","S-1-5-18","7/16/2025 9:13:16 AM",,,"System","System.UInt32[]","System.Diagnostics.Eventing.Reader.EventBookmark","Error","Info",,"System.Collections.ObjectModel.ReadOnlyCollection`1[System.String]","System.Collections.Generic.List`1[System.Diagnostics.Eventing.Reader.EventProperty]"
"Config Read Failed

Config:	18
Error:	More data is available.","2042","0",,"2","0","0","144115188075855872","2672","Microsoft-Windows-Windows Firewall With Advanced Security","d1bc9aff-2abf-4d71-9146-ecb2a986eb85","System","2996","3088","ASCENDI-VEM0NO7","S-1-5-19","7/16/2025 9:08:29 AM",,,"System","System.UInt32[]","System.Diagnostics.Eventing.Reader.EventBookmark","Error","Info",,"System.Collections.ObjectModel.ReadOnlyCollection`1[System.String]","System.Collections.Generic.List`1[System.Diagnostics.Eventing.Reader.EventProperty]"
"The previous system shutdown at 4:57:36 PM on ?7/?15/?2025 was unexpected.","6008","0","32768","2","0","0","36028797018963968","2597","EventLog",,"System","1260","744","ASCENDI-VEM0NO7",,"7/16/2025 9:08:16 AM",,,"System","System.UInt32[]","System.Diagnostics.Eventing.Reader.EventBookmark","Error",,"None","System.Collections.ObjectModel.ReadOnlyCollection`1[System.String]","System.Collections.Generic.List`1[System.Diagnostics.Eventing.Reader.EventProperty]"
"The server Microsoft.LockApp_10.0.26100.4202_neutral__cw5n1h2txyewy!WindowsDefaultLockScreen did not register with DCOM within the required timeout.","10010","0","0","2","0","0","-9187343239835811840","2580","Microsoft-Windows-DistributedCOM","1b562e86-b7aa-4131-badc-b6f3a001407e","System","460","1028","ASCENDI-VEM0NO7","S-1-5-21-3485362452-2712526941-260529962-1000","7/15/2025 1:26:41 PM","df497437-f557-0000-7180-49df57f5db01",,"System","System.UInt32[]","System.Diagnostics.Eventing.Reader.EventBookmark","Error","Info",,"System.Collections.ObjectModel.ReadOnlyCollection`1[System.String]","System.Collections.Generic.List`1[System.Diagnostics.Eventing.Reader.EventProperty]"
"The AppX Deployment Service (AppXSVC) service failed to start due to the following error: 
The service did not respond to the start or control request in a timely fashion.","7000","0","49152","2","0","0","-9187343239835811840","2579","Service Control Manager","555908d1-a6d7-4695-8e1e-26931d2012f4","System","848","10372","ASCENDI-VEM0NO7",,"7/15/2025 1:26:41 PM",,,"System","System.UInt32[]","System.Diagnostics.Eventing.Reader.EventBookmark","Error",,,"System.Collections.ObjectModel.ReadOnlyCollection`1[System.String]","System.Collections.Generic.List`1[System.Diagnostics.Eventing.Reader.EventProperty]"
"A timeout was reached (30000 milliseconds) while waiting for the AppX Deployment Service (AppXSVC) service to connect.","7009","0","49152","2","0","0","-9187343239835811840","2578","Service Control Manager","555908d1-a6d7-4695-8e1e-26931d2012f4","System","848","10372","ASCENDI-VEM0NO7",,"7/15/2025 1:26:41 PM",,,"System","System.UInt32[]","System.Diagnostics.Eventing.Reader.EventBookmark","Error",,,"System.Collections.ObjectModel.ReadOnlyCollection`1[System.String]","System.Collections.Generic.List`1[System.Diagnostics.Eventing.Reader.EventProperty]"
"The system firmware returned an error Unspecified error when attempting to update a Secure Boot variable. For more information, please see https://go.microsoft.com/fwlink/?linkid=2169931","1795","0",,"2","0","0","-9223372036854775808","2530","Microsoft-Windows-TPM-WMI","7d5387b0-cbe0-11da-a94d-0800200c9a66","System","2264","1864","ASCENDI-VEM0NO7","S-1-5-18","7/15/2025 12:48:26 PM",,,"System","System.UInt32[]","System.Diagnostics.Eventing.Reader.EventBookmark","Error","Info",,"System.Collections.ObjectModel.ReadOnlyCollection`1[System.String]","System.Collections.Generic.List`1[System.Diagnostics.Eventing.Reader.EventProperty]"
"Config Read Failed

Config:	18
Error:	More data is available.","2042","0",,"2","0","0","144115188075855872","2508","Microsoft-Windows-Windows Firewall With Advanced Security","d1bc9aff-2abf-4d71-9146-ecb2a986eb85","System","3000","3188","ASCENDI-VEM0NO7","S-1-5-19","7/15/2025 12:43:31 PM",,,"System","System.UInt32[]","System.Diagnostics.Eventing.Reader.EventBookmark","Error","Info",,"System.Collections.ObjectModel.ReadOnlyCollection`1[System.String]","System.Collections.Generic.List`1[System.Diagnostics.Eventing.Reader.EventProperty]"
"The previous system shutdown at 4:52:02 PM on ?7/?14/?2025 was unexpected.","6008","0","32768","2","0","0","36028797018963968","2420","EventLog",,"System","928","2052","ASCENDI-VEM0NO7",,"7/15/2025 12:43:23 PM",,,"System","System.UInt32[]","System.Diagnostics.Eventing.Reader.EventBookmark","Error",,"None","System.Collections.ObjectModel.ReadOnlyCollection`1[System.String]","System.Collections.Generic.List`1[System.Diagnostics.Eventing.Reader.EventProperty]"
"The server Microsoft.AAD.BrokerPlugin_1000.19580.1000.2_neutral_neutral_cw5n1h2txyewy!Windows.Security.Authentication.Web.Core.BackgroundGetTokenTask.ClassId.WebAccountProvider did not register with DCOM within the required timeout.","10010","0","0","2","0","0","-9187343239835811840","2401","Microsoft-Windows-DistributedCOM","1b562e86-b7aa-4131-badc-b6f3a001407e","System","580","4140","ASCENDI-VEM0NO7","S-1-5-21-3485362452-2712526941-260529962-1000","7/14/2025 2:17:33 PM","14cd346b-f472-0000-8ae8-d11472f4db01",,"System","System.UInt32[]","System.Diagnostics.Eventing.Reader.EventBookmark","Error","Info",,"System.Collections.ObjectModel.ReadOnlyCollection`1[System.String]","System.Collections.Generic.List`1[System.Diagnostics.Eventing.Reader.EventProperty]"
"The Group Policy Client service failed to start due to the following error: 
The service did not respond to the start or control request in a timely fashion.","7000","0","49152","2","0","0","-9187343239835811840","2373","Service Control Manager","555908d1-a6d7-4695-8e1e-26931d2012f4","System","836","8268","ASCENDI-VEM0NO7",,"7/14/2025 10:11:51 AM",,,"System","System.UInt32[]","System.Diagnostics.Eventing.Reader.EventBookmark","Error",,,"System.Collections.ObjectModel.ReadOnlyCollection`1[System.String]","System.Collections.Generic.List`1[System.Diagnostics.Eventing.Reader.EventProperty]"
"A timeout was reached (30000 milliseconds) while waiting for the Group Policy Client service to connect.","7009","0","49152","2","0","0","-9187343239835811840","2372","Service Control Manager","555908d1-a6d7-4695-8e1e-26931d2012f4","System","836","8268","ASCENDI-VEM0NO7",,"7/14/2025 10:11:51 AM",,,"System","System.UInt32[]","System.Diagnostics.Eventing.Reader.EventBookmark","Error",,,"System.Collections.ObjectModel.ReadOnlyCollection`1[System.String]","System.Collections.Generic.List`1[System.Diagnostics.Eventing.Reader.EventProperty]"
"The server Microsoft.AAD.BrokerPlugin_1000.19580.1000.2_neutral_neutral_cw5n1h2txyewy!Windows.Security.Authentication.Web.Core.BackgroundGetTokenTask.ClassId.WebAccountProvider did not register with DCOM within the required timeout.","10010","0","0","2","0","0","-9187343239835811840","2370","Microsoft-Windows-DistributedCOM","1b562e86-b7aa-4131-badc-b6f3a001407e","System","580","5104","ASCENDI-VEM0NO7","S-1-5-21-3485362452-2712526941-260529962-1000","7/14/2025 10:01:00 AM","14cd346b-f472-0001-9e82-cf1472f4db01",,"System","System.UInt32[]","System.Diagnostics.Eventing.Reader.EventBookmark","Error","Info",,"System.Collections.ObjectModel.ReadOnlyCollection`1[System.String]","System.Collections.Generic.List`1[System.Diagnostics.Eventing.Reader.EventProperty]"
"The system firmware returned an error Unspecified error when attempting to update a Secure Boot variable. For more information, please see https://go.microsoft.com/fwlink/?linkid=2169931","1795","0",,"2","0","0","-9223372036854775808","2344","Microsoft-Windows-TPM-WMI","7d5387b0-cbe0-11da-a94d-0800200c9a66","System","9200","2808","ASCENDI-VEM0NO7","S-1-5-18","7/14/2025 9:23:28 AM",,,"System","System.UInt32[]","System.Diagnostics.Eventing.Reader.EventBookmark","Error","Info",,"System.Collections.ObjectModel.ReadOnlyCollection`1[System.String]","System.Collections.Generic.List`1[System.Diagnostics.Eventing.Reader.EventProperty]"
"Config Read Failed

Config:	18
Error:	More data is available.","2042","0",,"2","0","0","144115188075855872","2305","Microsoft-Windows-Windows Firewall With Advanced Security","d1bc9aff-2abf-4d71-9146-ecb2a986eb85","System","2716","3376","ASCENDI-VEM0NO7","S-1-5-19","7/14/2025 9:19:35 AM",,,"System","System.UInt32[]","System.Diagnostics.Eventing.Reader.EventBookmark","Error","Info",,"System.Collections.ObjectModel.ReadOnlyCollection`1[System.String]","System.Collections.Generic.List`1[System.Diagnostics.Eventing.Reader.EventProperty]"
"The AppX Deployment Service (AppXSVC) service depends on the State Repository Service service which failed to start because of the following error: 
The operation completed successfully.","7001","0","49152","2","0","0","-9187343239835811840","2232","Service Control Manager","555908d1-a6d7-4695-8e1e-26931d2012f4","System","816","1760","ASCENDI-VEM0NO7",,"7/14/2025 9:17:32 AM",,,"System","System.UInt32[]","System.Diagnostics.Eventing.Reader.EventBookmark","Error",,,"System.Collections.ObjectModel.ReadOnlyCollection`1[System.String]","System.Collections.Generic.List`1[System.Diagnostics.Eventing.Reader.EventProperty]"
"The SysMain service terminated with the following error: 
The authentication service is unknown.","7023","0","49152","2","0","0","-9187343239835811840","2223","Service Control Manager","555908d1-a6d7-4695-8e1e-26931d2012f4","System","816","904","ASCENDI-VEM0NO7",,"7/14/2025 9:17:24 AM",,,"System","System.UInt32[]","System.Diagnostics.Eventing.Reader.EventBookmark","Error",,,"System.Collections.ObjectModel.ReadOnlyCollection`1[System.String]","System.Collections.Generic.List`1[System.Diagnostics.Eventing.Reader.EventProperty]"
"The Ndu service failed to start due to the following error: 
The call must be made from within an explicit transaction.","7000","0","49152","2","0","0","-9187343239835811840","2216","Service Control Manager","555908d1-a6d7-4695-8e1e-26931d2012f4","System","816","3044","ASCENDI-VEM0NO7",,"7/14/2025 9:17:14 AM",,,"System","System.UInt32[]","System.Diagnostics.Eventing.Reader.EventBookmark","Error",,,"System.Collections.ObjectModel.ReadOnlyCollection`1[System.String]","System.Collections.Generic.List`1[System.Diagnostics.Eventing.Reader.EventProperty]"
"The previous system shutdown at 9:59:25 PM on ?7/?10/?2025 was unexpected.","6008","0","32768","2","0","0","36028797018963968","2144","EventLog",,"System","180","1512","ASCENDI-VEM0NO7",,"7/14/2025 9:17:05 AM",,,"System","System.UInt32[]","System.Diagnostics.Eventing.Reader.EventBookmark","Error",,"None","System.Collections.ObjectModel.ReadOnlyCollection`1[System.String]","System.Collections.Generic.List`1[System.Diagnostics.Eventing.Reader.EventProperty]"
"Installation Failure: Windows failed to install the following update with error 0x80073D02: 9N3RK8ZV2ZR8-Microsoft.WidgetsPlatformRuntime.","20","1",,"2","1","13","-9223372036854775768","2105","Microsoft-Windows-WindowsUpdateClient","945a8954-c147-4acd-923f-40c45405a658","System","7436","9164","ASCENDI-VEM0NO7","S-1-5-18","7/10/2025 7:09:52 PM","99d2c7b6-f19e-0001-4603-d4999ef1db01",,"System","System.UInt32[]","System.Diagnostics.Eventing.Reader.EventBookmark","Error","Installation","Windows Update Agent","System.Collections.ObjectModel.ReadOnlyCollection`1[System.String]","System.Collections.Generic.List`1[System.Diagnostics.Eventing.Reader.EventProperty]"
"The Secure Boot update failed to update a Secure Boot variable with error The system cannot find the file specified.. For more information, please see https://go.microsoft.com/fwlink/?linkid=2169931","1796","0",,"2","0","0","-9223372036854775808","2096","Microsoft-Windows-TPM-WMI","7d5387b0-cbe0-11da-a94d-0800200c9a66","System","4416","2080","ASCENDI-VEM0NO7","S-1-5-18","7/10/2025 7:05:25 PM",,,"System","System.UInt32[]","System.Diagnostics.Eventing.Reader.EventBookmark","Error","Info",,"System.Collections.ObjectModel.ReadOnlyCollection`1[System.String]","System.Collections.Generic.List`1[System.Diagnostics.Eventing.Reader.EventProperty]"
"The Secure Boot update failed to update a Secure Boot variable with error The system cannot find the file specified.. For more information, please see https://go.microsoft.com/fwlink/?linkid=2169931","1796","0",,"2","0","0","-9223372036854775808","2095","Microsoft-Windows-TPM-WMI","7d5387b0-cbe0-11da-a94d-0800200c9a66","System","4416","2080","ASCENDI-VEM0NO7","S-1-5-18","7/10/2025 7:05:25 PM",,,"System","System.UInt32[]","System.Diagnostics.Eventing.Reader.EventBookmark","Error","Info",,"System.Collections.ObjectModel.ReadOnlyCollection`1[System.String]","System.Collections.Generic.List`1[System.Diagnostics.Eventing.Reader.EventProperty]"
"The previous system shutdown at 11:55:05 PM on ?7/?9/?2025 was unexpected.","6008","0","32768","2","0","0","36028797018963968","2015","EventLog",,"System","2240","2324","ASCENDI-VEM0NO7",,"7/10/2025 7:00:35 PM",,,"System","System.UInt32[]","System.Diagnostics.Eventing.Reader.EventBookmark","Error",,"None","System.Collections.ObjectModel.ReadOnlyCollection`1[System.String]","System.Collections.Generic.List`1[System.Diagnostics.Eventing.Reader.EventProperty]"
"The Secure Boot update failed to update a Secure Boot variable with error The system cannot find the file specified.. For more information, please see https://go.microsoft.com/fwlink/?linkid=2169931","1796","0",,"2","0","0","-9223372036854775808","1958","Microsoft-Windows-TPM-WMI","7d5387b0-cbe0-11da-a94d-0800200c9a66","System","9592","3892","ASCENDI-VEM0NO7","S-1-5-18","7/9/2025 6:50:18 PM",,,"System","System.UInt32[]","System.Diagnostics.Eventing.Reader.EventBookmark","Error","Info",,"System.Collections.ObjectModel.ReadOnlyCollection`1[System.String]","System.Collections.Generic.List`1[System.Diagnostics.Eventing.Reader.EventProperty]"
"The Secure Boot update failed to update a Secure Boot variable with error The system cannot find the file specified.. For more information, please see https://go.microsoft.com/fwlink/?linkid=2169931","1796","0",,"2","0","0","-9223372036854775808","1957","Microsoft-Windows-TPM-WMI","7d5387b0-cbe0-11da-a94d-0800200c9a66","System","9592","3892","ASCENDI-VEM0NO7","S-1-5-18","7/9/2025 6:50:18 PM",,,"System","System.UInt32[]","System.Diagnostics.Eventing.Reader.EventBookmark","Error","Info",,"System.Collections.ObjectModel.ReadOnlyCollection`1[System.String]","System.Collections.Generic.List`1[System.Diagnostics.Eventing.Reader.EventProperty]"
"The Delivery Optimization service hung on starting.","7022","0","49152","2","0","0","-9187343239835811840","1956","Service Control Manager","555908d1-a6d7-4695-8e1e-26931d2012f4","System","816","3296","ASCENDI-VEM0NO7",,"7/9/2025 6:47:52 PM",,,"System","System.UInt32[]","System.Diagnostics.Eventing.Reader.EventBookmark","Error",,,"System.Collections.ObjectModel.ReadOnlyCollection`1[System.String]","System.Collections.Generic.List`1[System.Diagnostics.Eventing.Reader.EventProperty]"
"The previous system shutdown at 4:55:26 PM on ?7/?9/?2025 was unexpected.","6008","0","32768","2","0","0","36028797018963968","1877","EventLog",,"System","1756","1864","ASCENDI-VEM0NO7",,"7/9/2025 6:43:31 PM",,,"System","System.UInt32[]","System.Diagnostics.Eventing.Reader.EventBookmark","Error",,"None","System.Collections.ObjectModel.ReadOnlyCollection`1[System.String]","System.Collections.Generic.List`1[System.Diagnostics.Eventing.Reader.EventProperty]"
"The Secure Boot update failed to update a Secure Boot variable with error The system cannot find the file specified.. For more information, please see https://go.microsoft.com/fwlink/?linkid=2169931","1796","0",,"2","0","0","-9223372036854775808","1856","Microsoft-Windows-TPM-WMI","7d5387b0-cbe0-11da-a94d-0800200c9a66","System","1808","7292","ASCENDI-VEM0NO7","S-1-5-18","7/9/2025 3:30:07 PM",,,"System","System.UInt32[]","System.Diagnostics.Eventing.Reader.EventBookmark","Error","Info",,"System.Collections.ObjectModel.ReadOnlyCollection`1[System.String]","System.Collections.Generic.List`1[System.Diagnostics.Eventing.Reader.EventProperty]"
"The Secure Boot update failed to update a Secure Boot variable with error The system cannot find the file specified.. For more information, please see https://go.microsoft.com/fwlink/?linkid=2169931","1796","0",,"2","0","0","-9223372036854775808","1855","Microsoft-Windows-TPM-WMI","7d5387b0-cbe0-11da-a94d-0800200c9a66","System","1808","7292","ASCENDI-VEM0NO7","S-1-5-18","7/9/2025 3:30:07 PM",,,"System","System.UInt32[]","System.Diagnostics.Eventing.Reader.EventBookmark","Error","Info",,"System.Collections.ObjectModel.ReadOnlyCollection`1[System.String]","System.Collections.Generic.List`1[System.Diagnostics.Eventing.Reader.EventProperty]"
"The Update Orchestrator Service service terminated with the following error: 
%%2149884192","7023","0","49152","2","0","0","-9187343239835811840","1733","Service Control Manager","555908d1-a6d7-4695-8e1e-26931d2012f4","System","828","4056","ASCENDI-VEM0NO7",,"7/9/2025 2:59:30 PM",,,"System","System.UInt32[]","System.Diagnostics.Eventing.Reader.EventBookmark","Error",,,"System.Collections.ObjectModel.ReadOnlyCollection`1[System.String]","System.Collections.Generic.List`1[System.Diagnostics.Eventing.Reader.EventProperty]"
"The server {B91D5831-B1BD-4608-8198-D72E155020F7} did not register with DCOM within the required timeout.","10010","0","0","2","0","0","-9187343239835811840","1731","Microsoft-Windows-DistributedCOM","1b562e86-b7aa-4131-badc-b6f3a001407e","System","580","1488","ASCENDI-VEM0NO7","S-1-5-18","7/9/2025 2:59:18 PM","6202de4d-f0a2-0000-51eb-0262a2f0db01",,"System","System.UInt32[]","System.Diagnostics.Eventing.Reader.EventBookmark","Error","Info",,"System.Collections.ObjectModel.ReadOnlyCollection`1[System.String]","System.Collections.Generic.List`1[System.Diagnostics.Eventing.Reader.EventProperty]"
"The Update Orchestrator Service service terminated with the following error: 
%%2149884192","7023","0","49152","2","0","0","-9187343239835811840","1678","Service Control Manager","555908d1-a6d7-4695-8e1e-26931d2012f4","System","828","916","ASCENDI-VEM0NO7",,"7/9/2025 2:57:19 PM",,,"System","System.UInt32[]","System.Diagnostics.Eventing.Reader.EventBookmark","Error",,,"System.Collections.ObjectModel.ReadOnlyCollection`1[System.String]","System.Collections.Generic.List`1[System.Diagnostics.Eventing.Reader.EventProperty]"
"The Secure Boot update failed to update a Secure Boot variable with error The system cannot find the file specified.. For more information, please see https://go.microsoft.com/fwlink/?linkid=2169931","1796","0",,"2","0","0","-9223372036854775808","1654","Microsoft-Windows-TPM-WMI","7d5387b0-cbe0-11da-a94d-0800200c9a66","System","2384","2452","ASCENDI-VEM0NO7","S-1-5-18","7/9/2025 12:54:28 PM",,,"System","System.UInt32[]","System.Diagnostics.Eventing.Reader.EventBookmark","Error","Info",,"System.Collections.ObjectModel.ReadOnlyCollection`1[System.String]","System.Collections.Generic.List`1[System.Diagnostics.Eventing.Reader.EventProperty]"
"A timeout (30000 milliseconds) was reached while waiting for a transaction response from the defragsvc service.","7011","0","49152","2","0","0","-9187343239835811840","1527","Service Control Manager","555908d1-a6d7-4695-8e1e-26931d2012f4","System","800","11616","ASCENDI-VEM0NO7",,"7/9/2025 1:49:18 PM",,,"System","System.UInt32[]","System.Diagnostics.Eventing.Reader.EventBookmark","Error",,,"System.Collections.ObjectModel.ReadOnlyCollection`1[System.String]","System.Collections.Generic.List`1[System.Diagnostics.Eventing.Reader.EventProperty]"
"Installation Failure: Windows failed to install the following update with error 0x80073D02: 9MSMLRH6LZF3-Microsoft.WindowsNotepad.","20","1",,"2","1","13","-9223372036854775768","1503","Microsoft-Windows-WindowsUpdateClient","945a8954-c147-4acd-923f-40c45405a658","System","704","11976","ASCENDI-VEM0NO7","S-1-5-18","7/9/2025 1:07:44 PM","755e0080-f086-0000-1505-677586f0db01",,"System","System.UInt32[]","System.Diagnostics.Eventing.Reader.EventBookmark","Error","Installation","Windows Update Agent","System.Collections.ObjectModel.ReadOnlyCollection`1[System.String]","System.Collections.Generic.List`1[System.Diagnostics.Eventing.Reader.EventProperty]"
"Installation Failure: Windows failed to install the following update with error 0x80073D02: 9MSSGKG348SP-MicrosoftWindows.Client.WebExperience.","20","1",,"2","1","13","-9223372036854775768","1499","Microsoft-Windows-WindowsUpdateClient","945a8954-c147-4acd-923f-40c45405a658","System","704","4104","ASCENDI-VEM0NO7","S-1-5-18","7/9/2025 1:07:08 PM","755e0080-f086-0001-8e3f-667586f0db01",,"System","System.UInt32[]","System.Diagnostics.Eventing.Reader.EventBookmark","Error","Installation","Windows Update Agent","System.Collections.ObjectModel.ReadOnlyCollection`1[System.String]","System.Collections.Generic.List`1[System.Diagnostics.Eventing.Reader.EventProperty]"
"Installation Failure: Windows failed to install the following update with error 0x80070570: 2025-06 Cumulative Update for Windows 11 Version 24H2 for x64-based Systems (KB5063060).","20","1",,"2","1","13","-9223372036854775768","1369","Microsoft-Windows-WindowsUpdateClient","945a8954-c147-4acd-923f-40c45405a658","System","704","4252","ASCENDI-VEM0NO7","S-1-5-18","7/9/2025 10:51:10 AM",,,"System","System.UInt32[]","System.Diagnostics.Eventing.Reader.EventBookmark","Error","Installation","Windows Update Agent","System.Collections.ObjectModel.ReadOnlyCollection`1[System.String]","System.Collections.Generic.List`1[System.Diagnostics.Eventing.Reader.EventProperty]"
"The server {8CFC164F-4BE5-4FDD-94E9-E2AF73ED4A19} did not register with DCOM within the required timeout.","10010","0","0","2","0","0","-9187343239835811840","1294","Microsoft-Windows-DistributedCOM","1b562e86-b7aa-4131-badc-b6f3a001407e","System","416","4184","ASCENDI-VEM0NO7","S-1-5-21-3485362452-2712526941-260529962-1000","7/9/2025 10:01:26 AM","755e0080-f086-0001-6927-5f7586f0db01",,"System","System.UInt32[]","System.Diagnostics.Eventing.Reader.EventBookmark","Error","Info",,"System.Collections.ObjectModel.ReadOnlyCollection`1[System.String]","System.Collections.Generic.List`1[System.Diagnostics.Eventing.Reader.EventProperty]"
"The system firmware returned an error Access is denied. when attempting to update a Secure Boot variable. For more information, please see https://go.microsoft.com/fwlink/?linkid=2169931","1795","0",,"2","0","0","-9223372036854775808","1254","Microsoft-Windows-TPM-WMI","7d5387b0-cbe0-11da-a94d-0800200c9a66","System","2344","4032","ASCENDI-VEM0NO7","S-1-5-18","7/9/2025 9:35:13 AM",,,"System","System.UInt32[]","System.Diagnostics.Eventing.Reader.EventBookmark","Error","Info",,"System.Collections.ObjectModel.ReadOnlyCollection`1[System.String]","System.Collections.Generic.List`1[System.Diagnostics.Eventing.Reader.EventProperty]"
"The previous system shutdown at 10:34:14 PM on ?7/?8/?2025 was unexpected.","6008","0","32768","2","0","0","36028797018963968","1177","EventLog",,"System","2040","2060","ASCENDI-VEM0NO7",,"7/9/2025 9:34:34 AM",,,"System","System.UInt32[]","System.Diagnostics.Eventing.Reader.EventBookmark","Error",,"None","System.Collections.ObjectModel.ReadOnlyCollection`1[System.String]","System.Collections.Generic.List`1[System.Diagnostics.Eventing.Reader.EventProperty]"
"The server {8CFC164F-4BE5-4FDD-94E9-E2AF73ED4A19} did not register with DCOM within the required timeout.","10010","0","0","2","0","0","-9187343239835811840","1169","Microsoft-Windows-DistributedCOM","1b562e86-b7aa-4131-badc-b6f3a001407e","System","540","568","ASCENDI-VEM0NO7","S-1-5-21-3485362452-2712526941-260529962-1000","7/8/2025 10:13:00 PM","ce2f6844-f026-0000-ccee-2fce26f0db01",,"System","System.UInt32[]","System.Diagnostics.Eventing.Reader.EventBookmark","Error","Info",,"System.Collections.ObjectModel.ReadOnlyCollection`1[System.String]","System.Collections.Generic.List`1[System.Diagnostics.Eventing.Reader.EventProperty]"
"The system firmware returned an error Access is denied. when attempting to update a Secure Boot variable. For more information, please see https://go.microsoft.com/fwlink/?linkid=2169931","1795","0",,"2","0","0","-9223372036854775808","1155","Microsoft-Windows-TPM-WMI","7d5387b0-cbe0-11da-a94d-0800200c9a66","System","1880","3216","ASCENDI-VEM0NO7","S-1-5-18","7/8/2025 10:09:19 PM",,,"System","System.UInt32[]","System.Diagnostics.Eventing.Reader.EventBookmark","Error","Info",,"System.Collections.ObjectModel.ReadOnlyCollection`1[System.String]","System.Collections.Generic.List`1[System.Diagnostics.Eventing.Reader.EventProperty]"
"The server {8CFC164F-4BE5-4FDD-94E9-E2AF73ED4A19} did not register with DCOM within the required timeout.","10010","0","0","2","0","0","-9187343239835811840","1061","Microsoft-Windows-DistributedCOM","1b562e86-b7aa-4131-badc-b6f3a001407e","System","408","1596","ASCENDI-VEM0NO7","S-1-5-21-3485362452-2712526941-260529962-1000","7/8/2025 9:11:24 PM","46453b9b-f01e-0000-328a-45461ef0db01",,"System","System.UInt32[]","System.Diagnostics.Eventing.Reader.EventBookmark","Error","Info",,"System.Collections.ObjectModel.ReadOnlyCollection`1[System.String]","System.Collections.Generic.List`1[System.Diagnostics.Eventing.Reader.EventProperty]"
"The system firmware returned an error Access is denied. when attempting to update a Secure Boot variable. For more information, please see https://go.microsoft.com/fwlink/?linkid=2169931","1795","0",,"2","0","0","-9223372036854775808","1047","Microsoft-Windows-TPM-WMI","7d5387b0-cbe0-11da-a94d-0800200c9a66","System","2124","3348","ASCENDI-VEM0NO7","S-1-5-18","7/8/2025 9:08:23 PM",,,"System","System.UInt32[]","System.Diagnostics.Eventing.Reader.EventBookmark","Error","Info",,"System.Collections.ObjectModel.ReadOnlyCollection`1[System.String]","System.Collections.Generic.List`1[System.Diagnostics.Eventing.Reader.EventProperty]"
"The previous system shutdown at 8:25:59 PM on ?7/?8/?2025 was unexpected.","6008","0","32768","2","0","0","36028797018963968","973","EventLog",,"System","1928","1584","ASCENDI-VEM0NO7",,"7/8/2025 9:08:10 PM",,,"System","System.UInt32[]","System.Diagnostics.Eventing.Reader.EventBookmark","Error",,"None","System.Collections.ObjectModel.ReadOnlyCollection`1[System.String]","System.Collections.Generic.List`1[System.Diagnostics.Eventing.Reader.EventProperty]"
"The system firmware returned an error Access is denied. when attempting to update a Secure Boot variable. For more information, please see https://go.microsoft.com/fwlink/?linkid=2169931","1795","0",,"2","0","0","-9223372036854775808","945","Microsoft-Windows-TPM-WMI","7d5387b0-cbe0-11da-a94d-0800200c9a66","System","1956","3036","ASCENDI-VEM0NO7","S-1-5-18","7/8/2025 7:09:18 PM",,,"System","System.UInt32[]","System.Diagnostics.Eventing.Reader.EventBookmark","Error","Info",,"System.Collections.ObjectModel.ReadOnlyCollection`1[System.String]","System.Collections.Generic.List`1[System.Diagnostics.Eventing.Reader.EventProperty]"
"The previous system shutdown at 4:38:14 PM on ?7/?8/?2025 was unexpected.","6008","0","32768","2","0","0","36028797018963968","871","EventLog",,"System","2052","2148","ASCENDI-VEM0NO7",,"7/8/2025 7:08:59 PM",,,"System","System.UInt32[]","System.Diagnostics.Eventing.Reader.EventBookmark","Error",,"None","System.Collections.ObjectModel.ReadOnlyCollection`1[System.String]","System.Collections.Generic.List`1[System.Diagnostics.Eventing.Reader.EventProperty]"
"The server {8CFC164F-4BE5-4FDD-94E9-E2AF73ED4A19} did not register with DCOM within the required timeout.","10010","0","0","2","0","0","-9187343239835811840","858","Microsoft-Windows-DistributedCOM","1b562e86-b7aa-4131-badc-b6f3a001407e","System","408","528","ASCENDI-VEM0NO7","S-1-5-21-3485362452-2712526941-260529962-1000","7/8/2025 4:43:04 PM","8fa3504b-eff8-0000-21b7-a38ff8efdb01",,"System","System.UInt32[]","System.Diagnostics.Eventing.Reader.EventBookmark","Error","Info",,"System.Collections.ObjectModel.ReadOnlyCollection`1[System.String]","System.Collections.Generic.List`1[System.Diagnostics.Eventing.Reader.EventProperty]"
"The system firmware returned an error Access is denied. when attempting to update a Secure Boot variable. For more information, please see https://go.microsoft.com/fwlink/?linkid=2169931","1795","0",,"2","0","0","-9223372036854775808","843","Microsoft-Windows-TPM-WMI","7d5387b0-cbe0-11da-a94d-0800200c9a66","System","1416","3324","ASCENDI-VEM0NO7","S-1-5-18","7/8/2025 4:38:23 PM",,,"System","System.UInt32[]","System.Diagnostics.Eventing.Reader.EventBookmark","Error","Info",,"System.Collections.ObjectModel.ReadOnlyCollection`1[System.String]","System.Collections.Generic.List`1[System.Diagnostics.Eventing.Reader.EventProperty]"
"The Connected User Experiences and Telemetry service did not shut down properly after receiving a preshutdown control.","7043","0","49152","2","0","0","-9187343239835811840","764","Service Control Manager","555908d1-a6d7-4695-8e1e-26931d2012f4","System","820","6500","ASCENDI-VEM0NO7",,"7/8/2025 11:13:01 AM","9f11f3e9-efc2-0000-5d3a-149fc2efdb01",,"System","System.UInt32[]","System.Diagnostics.Eventing.Reader.EventBookmark","Error",,,"System.Collections.ObjectModel.ReadOnlyCollection`1[System.String]","System.Collections.Generic.List`1[System.Diagnostics.Eventing.Reader.EventProperty]"
"DCOM got error ""1115"" attempting to start the service wuauserv with arguments ""Unavailable"" in order to run the server:
{E60687F7-01A1-40AA-86AC-DB1CBF673334}","10005","0","0","2","0","0","-9187343239835811840","762","Microsoft-Windows-DistributedCOM","1b562e86-b7aa-4131-badc-b6f3a001407e","System","960","5264","ASCENDI-VEM0NO7","S-1-5-18","7/8/2025 11:12:24 AM","9f11f3e9-efc2-0001-77e7-139fc2efdb01",,"System","System.UInt32[]","System.Diagnostics.Eventing.Reader.EventBookmark","Error","Info",,"System.Collections.ObjectModel.ReadOnlyCollection`1[System.String]","System.Collections.Generic.List`1[System.Diagnostics.Eventing.Reader.EventProperty]"
"DCOM got error ""1115"" attempting to start the service wuauserv with arguments ""Unavailable"" in order to run the server:
{E60687F7-01A1-40AA-86AC-DB1CBF673334}","10005","0","0","2","0","0","-9187343239835811840","761","Microsoft-Windows-DistributedCOM","1b562e86-b7aa-4131-badc-b6f3a001407e","System","960","864","ASCENDI-VEM0NO7","S-1-5-18","7/8/2025 11:12:22 AM","9f11f3e9-efc2-0000-573b-149fc2efdb01",,"System","System.UInt32[]","System.Diagnostics.Eventing.Reader.EventBookmark","Error","Info",,"System.Collections.ObjectModel.ReadOnlyCollection`1[System.String]","System.Collections.Generic.List`1[System.Diagnostics.Eventing.Reader.EventProperty]"
"The server {8CFC164F-4BE5-4FDD-94E9-E2AF73ED4A19} did not register with DCOM within the required timeout.","10010","0","0","2","0","0","-9187343239835811840","733","Microsoft-Windows-DistributedCOM","1b562e86-b7aa-4131-badc-b6f3a001407e","System","532","3740","ASCENDI-VEM0NO7","S-1-5-21-3485362452-2712526941-260529962-1000","7/8/2025 10:16:40 AM","9f11f3e9-efc2-0001-025f-129fc2efdb01",,"System","System.UInt32[]","System.Diagnostics.Eventing.Reader.EventBookmark","Error","Info",,"System.Collections.ObjectModel.ReadOnlyCollection`1[System.String]","System.Collections.Generic.List`1[System.Diagnostics.Eventing.Reader.EventProperty]"
"The system firmware returned an error Access is denied. when attempting to update a Secure Boot variable. For more information, please see https://go.microsoft.com/fwlink/?linkid=2169931","1795","0",,"2","0","0","-9223372036854775808","723","Microsoft-Windows-TPM-WMI","7d5387b0-cbe0-11da-a94d-0800200c9a66","System","2000","3028","ASCENDI-VEM0NO7","S-1-5-18","7/8/2025 10:12:46 AM",,,"System","System.UInt32[]","System.Diagnostics.Eventing.Reader.EventBookmark","Error","Info",,"System.Collections.ObjectModel.ReadOnlyCollection`1[System.String]","System.Collections.Generic.List`1[System.Diagnostics.Eventing.Reader.EventProperty]"
"The previous system shutdown at 9:42:07 PM on ?7/?7/?2025 was unexpected.","6008","0","32768","2","0","0","36028797018963968","647","EventLog",,"System","2056","2120","ASCENDI-VEM0NO7",,"7/8/2025 10:12:22 AM",,,"System","System.UInt32[]","System.Diagnostics.Eventing.Reader.EventBookmark","Error",,"None","System.Collections.ObjectModel.ReadOnlyCollection`1[System.String]","System.Collections.Generic.List`1[System.Diagnostics.Eventing.Reader.EventProperty]"
"The system firmware returned an error Access is denied. when attempting to update a Secure Boot variable. For more information, please see https://go.microsoft.com/fwlink/?linkid=2169931","1795","0",,"2","0","0","-9223372036854775808","645","Microsoft-Windows-TPM-WMI","7d5387b0-cbe0-11da-a94d-0800200c9a66","System","1660","3144","ASCENDI-VEM0NO7","S-1-5-18","7/7/2025 9:42:23 PM",,,"System","System.UInt32[]","System.Diagnostics.Eventing.Reader.EventBookmark","Error","Info",,"System.Collections.ObjectModel.ReadOnlyCollection`1[System.String]","System.Collections.Generic.List`1[System.Diagnostics.Eventing.Reader.EventProperty]"
"The previous system shutdown at 6:29:32 PM on ?7/?7/?2025 was unexpected.","6008","0","32768","2","0","0","36028797018963968","570","EventLog",,"System","1700","1800","ASCENDI-VEM0NO7",,"7/7/2025 9:42:07 PM",,,"System","System.UInt32[]","System.Diagnostics.Eventing.Reader.EventBookmark","Error",,"None","System.Collections.ObjectModel.ReadOnlyCollection`1[System.String]","System.Collections.Generic.List`1[System.Diagnostics.Eventing.Reader.EventProperty]"
"The system firmware returned an error Access is denied. when attempting to update a Secure Boot variable. For more information, please see https://go.microsoft.com/fwlink/?linkid=2169931","1795","0",,"2","0","0","-9223372036854775808","559","Microsoft-Windows-TPM-WMI","7d5387b0-cbe0-11da-a94d-0800200c9a66","System","1948","840","ASCENDI-VEM0NO7","S-1-5-18","7/7/2025 6:29:54 PM",,,"System","System.UInt32[]","System.Diagnostics.Eventing.Reader.EventBookmark","Error","Info",,"System.Collections.ObjectModel.ReadOnlyCollection`1[System.String]","System.Collections.Generic.List`1[System.Diagnostics.Eventing.Reader.EventProperty]"
"The previous system shutdown at 6:08:18 PM on ?7/?7/?2025 was unexpected.","6008","0","32768","2","0","0","36028797018963968","485","EventLog",,"System","1560","2136","ASCENDI-VEM0NO7",,"7/7/2025 6:29:31 PM",,,"System","System.UInt32[]","System.Diagnostics.Eventing.Reader.EventBookmark","Error",,"None","System.Collections.ObjectModel.ReadOnlyCollection`1[System.String]","System.Collections.Generic.List`1[System.Diagnostics.Eventing.Reader.EventProperty]"
"The server {8CFC164F-4BE5-4FDD-94E9-E2AF73ED4A19} did not register with DCOM within the required timeout.","10010","0","0","2","0","0","-9187343239835811840","477","Microsoft-Windows-DistributedCOM","1b562e86-b7aa-4131-badc-b6f3a001407e","System","548","2320","ASCENDI-VEM0NO7","S-1-5-21-3485362452-2712526941-260529962-1000","7/7/2025 6:13:25 PM","e85f9388-ef3b-0000-3aa3-60e83befdb01",,"System","System.UInt32[]","System.Diagnostics.Eventing.Reader.EventBookmark","Error","Info",,"System.Collections.ObjectModel.ReadOnlyCollection`1[System.String]","System.Collections.Generic.List`1[System.Diagnostics.Eventing.Reader.EventProperty]"
"The system firmware returned an error Access is denied. when attempting to update a Secure Boot variable. For more information, please see https://go.microsoft.com/fwlink/?linkid=2169931","1795","0",,"2","0","0","-9223372036854775808","408","Microsoft-Windows-TPM-WMI","7d5387b0-cbe0-11da-a94d-0800200c9a66","System","1332","2608","ASCENDI-VEM0NO7","S-1-5-18","7/7/2025 6:08:12 PM",,,"System","System.UInt32[]","System.Diagnostics.Eventing.Reader.EventBookmark","Error","Info",,"System.Collections.ObjectModel.ReadOnlyCollection`1[System.String]","System.Collections.Generic.List`1[System.Diagnostics.Eventing.Reader.EventProperty]"
"The previous system shutdown at 5:43:30 PM on ?7/?7/?2025 was unexpected.","6008","0","32768","2","0","0","36028797018963968","353","EventLog",,"System","2236","2364","ASCENDI-VEM0NO7",,"7/7/2025 6:08:18 PM",,,"System","System.UInt32[]","System.Diagnostics.Eventing.Reader.EventBookmark","Error",,"None","System.Collections.ObjectModel.ReadOnlyCollection`1[System.String]","System.Collections.Generic.List`1[System.Diagnostics.Eventing.Reader.EventProperty]"
"The system firmware returned an error Access is denied. when attempting to update a Secure Boot variable. For more information, please see https://go.microsoft.com/fwlink/?linkid=2169931","1795","0",,"2","0","0","-9223372036854775808","315","Microsoft-Windows-TPM-WMI","7d5387b0-cbe0-11da-a94d-0800200c9a66","System","2704","4224","ASCENDI-VEM0NO7","S-1-5-18","7/7/2025 5:43:47 PM",,,"System","System.UInt32[]","System.Diagnostics.Eventing.Reader.EventBookmark","Error","Info",,"System.Collections.ObjectModel.ReadOnlyCollection`1[System.String]","System.Collections.Generic.List`1[System.Diagnostics.Eventing.Reader.EventProperty]"
"The Network List Service service terminated with the following error: 
The device is not ready.","7023","0","49152","2","0","0","-9187343239835811840","184","Service Control Manager","555908d1-a6d7-4695-8e1e-26931d2012f4","System","796","4896","ASCENDI-VEM0NO7",,"7/8/2025 6:10:43 AM",,,"System","System.UInt32[]","System.Diagnostics.Eventing.Reader.EventBookmark","Error",,,"System.Collections.ObjectModel.ReadOnlyCollection`1[System.String]","System.Collections.Generic.List`1[System.Diagnostics.Eventing.Reader.EventProperty]"
"The server {A47979D2-C419-11D9-A5B4-001185AD2B89} did not register with DCOM within the required timeout.","10010","0","0","2","0","0","-9187343239835811840","183","Microsoft-Windows-DistributedCOM","1b562e86-b7aa-4131-badc-b6f3a001407e","System","456","976","ASCENDI-VEM0NO7","S-1-5-18","7/8/2025 6:10:43 AM","41cc0689-efa0-0000-672b-cc41a0efdb01",,"System","System.UInt32[]","System.Diagnostics.Eventing.Reader.EventBookmark","Error","Info",,"System.Collections.ObjectModel.ReadOnlyCollection`1[System.String]","System.Collections.Generic.List`1[System.Diagnostics.Eventing.Reader.EventProperty]"
"The Printer Extensions and Notifications service is marked as an interactive service.  However, the system is configured to not allow interactive services.  This service may not function properly.","7030","0","49152","2","0","0","-9187343239835811840","160","Service Control Manager","555908d1-a6d7-4695-8e1e-26931d2012f4","System","796","4592","ASCENDI-VEM0NO7",,"7/8/2025 6:08:52 AM",,,"System","System.UInt32[]","System.Diagnostics.Eventing.Reader.EventBookmark","Error",,,"System.Collections.ObjectModel.ReadOnlyCollection`1[System.String]","System.Collections.Generic.List`1[System.Diagnostics.Eventing.Reader.EventProperty]"
"The Network List Service service terminated with the following error: 
The device is not ready.","7023","0","49152","2","0","0","-9187343239835811840","155","Service Control Manager","555908d1-a6d7-4695-8e1e-26931d2012f4","System","796","4896","ASCENDI-VEM0NO7",,"7/8/2025 6:08:43 AM",,,"System","System.UInt32[]","System.Diagnostics.Eventing.Reader.EventBookmark","Error",,,"System.Collections.ObjectModel.ReadOnlyCollection`1[System.String]","System.Collections.Generic.List`1[System.Diagnostics.Eventing.Reader.EventProperty]"
"The server {A47979D2-C419-11D9-A5B4-001185AD2B89} did not register with DCOM within the required timeout.","10010","0","0","2","0","0","-9187343239835811840","154","Microsoft-Windows-DistributedCOM","1b562e86-b7aa-4131-badc-b6f3a001407e","System","456","1124","ASCENDI-VEM0NO7","S-1-5-18","7/8/2025 6:08:43 AM","41cc0689-efa0-0001-5170-cc41a0efdb01",,"System","System.UInt32[]","System.Diagnostics.Eventing.Reader.EventBookmark","Error","Info",,"System.Collections.ObjectModel.ReadOnlyCollection`1[System.String]","System.Collections.Generic.List`1[System.Diagnostics.Eventing.Reader.EventProperty]"
"The netprofm service terminated with the following error: 
The device is not ready.","7023","0","49152","2","0","0","-9187343239835811840","52","Service Control Manager","555908d1-a6d7-4695-8e1e-26931d2012f4","System","796","2020","ASCENDI-VEM0NO7",,"7/8/2025 6:06:43 AM",,,"System","System.UInt32[]","System.Diagnostics.Eventing.Reader.EventBookmark","Error",,,"System.Collections.ObjectModel.ReadOnlyCollection`1[System.String]","System.Collections.Generic.List`1[System.Diagnostics.Eventing.Reader.EventProperty]"
