"Message","Id","Version","Qualifiers","Level","Task","Opcode","Keywords","RecordId","ProviderName","ProviderId","LogName","ProcessId","ThreadId","MachineName","UserId","TimeCreated","ActivityId","RelatedActivityId","ContainerLog","MatchedQueryIds","Bookmark","LevelDisplayName","OpcodeDisplayName","TaskDisplayName","KeywordsDisplayNames","Properties"
"Installation Failure: Windows failed to install the following update with error 0x80073D02: 9NMPJ99VJBWV-Microsoft.YourPhone.","20","1",,"2","1","13","-9223372036854775768","10827","Microsoft-Windows-WindowsUpdateClient","945a8954-c147-4acd-923f-40c45405a658","System","8844","8424","ASCENDI-HTMOH1J","S-1-5-18","8/26/2025 9:32:36 AM","94d3a993-163b-0001-f214-d6943b16dc01",,"System","System.UInt32[]","System.Diagnostics.Eventing.Reader.EventBookmark","Error","Installation","Windows Update Agent","System.Collections.ObjectModel.ReadOnlyCollection`1[System.String]","System.Collections.Generic.List`1[System.Diagnostics.Eventing.Reader.EventProperty]"
"Installation Failure: Windows failed to install the following update with error 0x80073D02: 9NTXGKQ8P7N0-MicrosoftWindows.CrossDevice.","20","1",,"2","1","13","-9223372036854775768","10824","Microsoft-Windows-WindowsUpdateClient","945a8954-c147-4acd-923f-40c45405a658","System","8844","9292","ASCENDI-HTMOH1J","S-1-5-18","8/26/2025 9:32:22 AM","94d3a993-163b-0001-dd0c-d6943b16dc01",,"System","System.UInt32[]","System.Diagnostics.Eventing.Reader.EventBookmark","Error","Installation","Windows Update Agent","System.Collections.ObjectModel.ReadOnlyCollection`1[System.String]","System.Collections.Generic.List`1[System.Diagnostics.Eventing.Reader.EventProperty]"
"Installation Failure: Windows failed to install the following update with error 0x80073D02: 9N3RK8ZV2ZR8-Microsoft.WidgetsPlatformRuntime.","20","1",,"2","1","13","-9223372036854775768","10812","Microsoft-Windows-WindowsUpdateClient","945a8954-c147-4acd-923f-40c45405a658","System","8844","5604","ASCENDI-HTMOH1J","S-1-5-18","8/26/2025 9:31:32 AM","94d3a993-163b-0000-fff1-d5943b16dc01",,"System","System.UInt32[]","System.Diagnostics.Eventing.Reader.EventBookmark","Error","Installation","Windows Update Agent","System.Collections.ObjectModel.ReadOnlyCollection`1[System.String]","System.Collections.Generic.List`1[System.Diagnostics.Eventing.Reader.EventProperty]"
"The system firmware returned an error Unspecified error when attempting to update a Secure Boot variable. For more information, please see https://go.microsoft.com/fwlink/?linkid=2169931","1795","0",,"2","0","0","-9223372036854775808","10804","Microsoft-Windows-TPM-WMI","7d5387b0-cbe0-11da-a94d-0800200c9a66","System","4268","1624","ASCENDI-HTMOH1J","S-1-5-18","8/26/2025 9:29:11 AM",,,"System","System.UInt32[]","System.Diagnostics.Eventing.Reader.EventBookmark","Error","Info",,"System.Collections.ObjectModel.ReadOnlyCollection`1[System.String]","System.Collections.Generic.List`1[System.Diagnostics.Eventing.Reader.EventProperty]"
"The previous system shutdown at 4:44:22 PM on ?8/?25/?2025 was unexpected.","6008","0","32768","2","0","0","36028797018963968","10715","EventLog",,"System","2032","1856","ASCENDI-HTMOH1J",,"8/26/2025 9:14:39 AM",,,"System","System.UInt32[]","System.Diagnostics.Eventing.Reader.EventBookmark","Error",,"None","System.Collections.ObjectModel.ReadOnlyCollection`1[System.String]","System.Collections.Generic.List`1[System.Diagnostics.Eventing.Reader.EventProperty]"
"Installation Failure: Windows failed to install the following update with error 0x80240016: Security Intelligence Update for Microsoft Defender Antivirus - KB2267602 (Version 1.435.370.0) - Current Channel (Broad).","20","1",,"2","1","13","-9223372036854775768","10676","Microsoft-Windows-WindowsUpdateClient","945a8954-c147-4acd-923f-40c45405a658","System","7472","7708","ASCENDI-HTMOH1J","S-1-5-18","8/25/2025 1:27:46 PM",,,"System","System.UInt32[]","System.Diagnostics.Eventing.Reader.EventBookmark","Error","Installation","Windows Update Agent","System.Collections.ObjectModel.ReadOnlyCollection`1[System.String]","System.Collections.Generic.List`1[System.Diagnostics.Eventing.Reader.EventProperty]"
"The previous system shutdown at 11:29:25 PM on ?8/?24/?2025 was unexpected.","6008","0","32768","2","0","0","36028797018963968","10500","EventLog",,"System","1904","1972","ASCENDI-HTMOH1J",,"8/25/2025 9:23:32 AM",,,"System","System.UInt32[]","System.Diagnostics.Eventing.Reader.EventBookmark","Error",,"None","System.Collections.ObjectModel.ReadOnlyCollection`1[System.String]","System.Collections.Generic.List`1[System.Diagnostics.Eventing.Reader.EventProperty]"
"The system firmware returned an error Unspecified error when attempting to update a Secure Boot variable. For more information, please see https://go.microsoft.com/fwlink/?linkid=2169931","1795","0",,"2","0","0","-9223372036854775808","10497","Microsoft-Windows-TPM-WMI","7d5387b0-cbe0-11da-a94d-0800200c9a66","System","9560","3832","ASCENDI-HTMOH1J","S-1-5-18","8/24/2025 11:46:38 PM",,,"System","System.UInt32[]","System.Diagnostics.Eventing.Reader.EventBookmark","Error","Info",,"System.Collections.ObjectModel.ReadOnlyCollection`1[System.String]","System.Collections.Generic.List`1[System.Diagnostics.Eventing.Reader.EventProperty]"
"A timeout (30000 milliseconds) was reached while waiting for a transaction response from the SystemEventsBroker service.","7011","0","49152","2","0","0","-9187343239835811840","10488","Service Control Manager","555908d1-a6d7-4695-8e1e-26931d2012f4","System","908","6868","ASCENDI-HTMOH1J",,"8/24/2025 5:53:08 PM",,,"System","System.UInt32[]","System.Diagnostics.Eventing.Reader.EventBookmark","Error",,,"System.Collections.ObjectModel.ReadOnlyCollection`1[System.String]","System.Collections.Generic.List`1[System.Diagnostics.Eventing.Reader.EventProperty]"
"The Software Protection service failed to start due to the following error: 
The service did not respond to the start or control request in a timely fashion.","7000","0","49152","2","0","0","-9187343239835811840","10487","Service Control Manager","555908d1-a6d7-4695-8e1e-26931d2012f4","System","908","3544","ASCENDI-HTMOH1J",,"8/24/2025 5:53:08 PM",,,"System","System.UInt32[]","System.Diagnostics.Eventing.Reader.EventBookmark","Error",,,"System.Collections.ObjectModel.ReadOnlyCollection`1[System.String]","System.Collections.Generic.List`1[System.Diagnostics.Eventing.Reader.EventProperty]"
"A timeout was reached (30000 milliseconds) while waiting for the Software Protection service to connect.","7009","0","49152","2","0","0","-9187343239835811840","10486","Service Control Manager","555908d1-a6d7-4695-8e1e-26931d2012f4","System","908","3544","ASCENDI-HTMOH1J",,"8/24/2025 5:53:08 PM",,,"System","System.UInt32[]","System.Diagnostics.Eventing.Reader.EventBookmark","Error",,,"System.Collections.ObjectModel.ReadOnlyCollection`1[System.String]","System.Collections.Generic.List`1[System.Diagnostics.Eventing.Reader.EventProperty]"
"The AppX Deployment Service (AppXSVC) service failed to start due to the following error: 
The service did not respond to the start or control request in a timely fashion.","7000","0","49152","2","0","0","-9187343239835811840","10485","Service Control Manager","555908d1-a6d7-4695-8e1e-26931d2012f4","System","908","10568","ASCENDI-HTMOH1J",,"8/24/2025 5:53:08 PM",,,"System","System.UInt32[]","System.Diagnostics.Eventing.Reader.EventBookmark","Error",,,"System.Collections.ObjectModel.ReadOnlyCollection`1[System.String]","System.Collections.Generic.List`1[System.Diagnostics.Eventing.Reader.EventProperty]"
"A timeout was reached (30000 milliseconds) while waiting for the AppX Deployment Service (AppXSVC) service to connect.","7009","0","49152","2","0","0","-9187343239835811840","10484","Service Control Manager","555908d1-a6d7-4695-8e1e-26931d2012f4","System","908","10568","ASCENDI-HTMOH1J",,"8/24/2025 5:53:08 PM",,,"System","System.UInt32[]","System.Diagnostics.Eventing.Reader.EventBookmark","Error",,,"System.Collections.ObjectModel.ReadOnlyCollection`1[System.String]","System.Collections.Generic.List`1[System.Diagnostics.Eventing.Reader.EventProperty]"
"The server {544C4C52-DE0B-4D14-9510-21745381D5CA} did not register with DCOM within the required timeout.","10010","0","0","2","0","0","-9187343239835811840","10482","Microsoft-Windows-DistributedCOM","1b562e86-b7aa-4131-badc-b6f3a001407e","System","852","7308","ASCENDI-HTMOH1J","S-1-5-21-1649049209-2824995486-182282566-1000","8/24/2025 5:53:08 PM","c1c156fb-14bd-0001-4fcf-c3c1bd14dc01",,"System","System.UInt32[]","System.Diagnostics.Eventing.Reader.EventBookmark","Error","Info",,"System.Collections.ObjectModel.ReadOnlyCollection`1[System.String]","System.Collections.Generic.List`1[System.Diagnostics.Eventing.Reader.EventProperty]"
"A timeout (30000 milliseconds) was reached while waiting for a transaction response from the W32Time service.","7011","0","49152","2","0","0","-9187343239835811840","10480","Service Control Manager","555908d1-a6d7-4695-8e1e-26931d2012f4","System","908","10568","ASCENDI-HTMOH1J",,"8/24/2025 5:46:07 PM",,,"System","System.UInt32[]","System.Diagnostics.Eventing.Reader.EventBookmark","Error",,,"System.Collections.ObjectModel.ReadOnlyCollection`1[System.String]","System.Collections.Generic.List`1[System.Diagnostics.Eventing.Reader.EventProperty]"
"The system firmware returned an error Unspecified error when attempting to update a Secure Boot variable. For more information, please see https://go.microsoft.com/fwlink/?linkid=2169931","1795","0",,"2","0","0","-9223372036854775808","10459","Microsoft-Windows-TPM-WMI","7d5387b0-cbe0-11da-a94d-0800200c9a66","System","6648","9796","ASCENDI-HTMOH1J","S-1-5-18","8/24/2025 11:49:30 AM",,,"System","System.UInt32[]","System.Diagnostics.Eventing.Reader.EventBookmark","Error","Info",,"System.Collections.ObjectModel.ReadOnlyCollection`1[System.String]","System.Collections.Generic.List`1[System.Diagnostics.Eventing.Reader.EventProperty]"
"The previous system shutdown at 12:58:13 AM on ?8/?24/?2025 was unexpected.","6008","0","32768","2","0","0","36028797018963968","10347","EventLog",,"System","1928","1988","ASCENDI-HTMOH1J",,"8/24/2025 11:41:37 AM",,,"System","System.UInt32[]","System.Diagnostics.Eventing.Reader.EventBookmark","Error",,"None","System.Collections.ObjectModel.ReadOnlyCollection`1[System.String]","System.Collections.Generic.List`1[System.Diagnostics.Eventing.Reader.EventProperty]"
"The Connected User Experiences and Telemetry service terminated unexpectedly.  It has done this 1 time(s).  The following corrective action will be taken in 30000 milliseconds: Restart the service.","7031","0","49152","2","0","0","-9187343239835811840","10343","Service Control Manager","555908d1-a6d7-4695-8e1e-26931d2012f4","System","900","6184","ASCENDI-HTMOH1J",,"8/24/2025 12:02:14 AM",,,"System","System.UInt32[]","System.Diagnostics.Eventing.Reader.EventBookmark","Error",,,"System.Collections.ObjectModel.ReadOnlyCollection`1[System.String]","System.Collections.Generic.List`1[System.Diagnostics.Eventing.Reader.EventProperty]"
"The server Microsoft.Windows.ContentDeliveryManager_10.0.26100.1_neutral_neutral_cw5n1h2txyewy!App.AppXryc2qd338f5728r9gzzazav8206ba77s.mca did not register with DCOM within the required timeout.","10010","0","0","2","0","0","-9187343239835811840","10340","Microsoft-Windows-DistributedCOM","1b562e86-b7aa-4131-badc-b6f3a001407e","System","348","9896","ASCENDI-HTMOH1J","S-1-5-21-1649049209-2824995486-182282566-1000","8/23/2025 11:50:19 PM","7f1b407f-1414-0001-3226-1e7f1414dc01",,"System","System.UInt32[]","System.Diagnostics.Eventing.Reader.EventBookmark","Error","Info",,"System.Collections.ObjectModel.ReadOnlyCollection`1[System.String]","System.Collections.Generic.List`1[System.Diagnostics.Eventing.Reader.EventProperty]"
"The Group Policy Client service failed to start due to the following error: 
The service did not respond to the start or control request in a timely fashion.","7000","0","49152","2","0","0","-9187343239835811840","10339","Service Control Manager","555908d1-a6d7-4695-8e1e-26931d2012f4","System","900","10872","ASCENDI-HTMOH1J",,"8/23/2025 11:50:19 PM",,,"System","System.UInt32[]","System.Diagnostics.Eventing.Reader.EventBookmark","Error",,,"System.Collections.ObjectModel.ReadOnlyCollection`1[System.String]","System.Collections.Generic.List`1[System.Diagnostics.Eventing.Reader.EventProperty]"
"A timeout was reached (30000 milliseconds) while waiting for the Group Policy Client service to connect.","7009","0","49152","2","0","0","-9187343239835811840","10338","Service Control Manager","555908d1-a6d7-4695-8e1e-26931d2012f4","System","900","10872","ASCENDI-HTMOH1J",,"8/23/2025 11:50:19 PM",,,"System","System.UInt32[]","System.Diagnostics.Eventing.Reader.EventBookmark","Error",,,"System.Collections.ObjectModel.ReadOnlyCollection`1[System.String]","System.Collections.Generic.List`1[System.Diagnostics.Eventing.Reader.EventProperty]"
"The server Microsoft.WindowsStore_22506.1401.10.0_x64__8wekyb3d8bbwe!App.AppXmr37eay91n1zzgqzqj9y7h4f8rjs7zyz.mca did not register with DCOM within the required timeout.","10010","0","0","2","0","0","-9187343239835811840","10313","Microsoft-Windows-DistributedCOM","1b562e86-b7aa-4131-badc-b6f3a001407e","System","348","5536","ASCENDI-HTMOH1J","S-1-5-21-1649049209-2824995486-182282566-1000","8/23/2025 7:42:25 PM","7f1b407f-1414-0001-d94b-1b7f1414dc01",,"System","System.UInt32[]","System.Diagnostics.Eventing.Reader.EventBookmark","Error","Info",,"System.Collections.ObjectModel.ReadOnlyCollection`1[System.String]","System.Collections.Generic.List`1[System.Diagnostics.Eventing.Reader.EventProperty]"
"The system firmware returned an error Unspecified error when attempting to update a Secure Boot variable. For more information, please see https://go.microsoft.com/fwlink/?linkid=2169931","1795","0",,"2","0","0","-9223372036854775808","10283","Microsoft-Windows-TPM-WMI","7d5387b0-cbe0-11da-a94d-0800200c9a66","System","9592","8916","ASCENDI-HTMOH1J","S-1-5-18","8/23/2025 3:39:28 PM",,,"System","System.UInt32[]","System.Diagnostics.Eventing.Reader.EventBookmark","Error","Info",,"System.Collections.ObjectModel.ReadOnlyCollection`1[System.String]","System.Collections.Generic.List`1[System.Diagnostics.Eventing.Reader.EventProperty]"
"The server {8CFC164F-4BE5-4FDD-94E9-E2AF73ED4A19} did not register with DCOM within the required timeout.","10010","0","0","2","0","0","-9187343239835811840","10282","Microsoft-Windows-DistributedCOM","1b562e86-b7aa-4131-badc-b6f3a001407e","System","348","3512","ASCENDI-HTMOH1J","S-1-5-21-1649049209-2824995486-182282566-1000","8/23/2025 3:36:59 PM","7f1b407f-1414-0000-1729-1c7f1414dc01",,"System","System.UInt32[]","System.Diagnostics.Eventing.Reader.EventBookmark","Error","Info",,"System.Collections.ObjectModel.ReadOnlyCollection`1[System.String]","System.Collections.Generic.List`1[System.Diagnostics.Eventing.Reader.EventProperty]"
"The previous system shutdown at 1:14:05 AM on ?8/?23/?2025 was unexpected.","6008","0","32768","2","0","0","36028797018963968","10199","EventLog",,"System","1984","2052","ASCENDI-HTMOH1J",,"8/23/2025 3:29:21 PM",,,"System","System.UInt32[]","System.Diagnostics.Eventing.Reader.EventBookmark","Error",,"None","System.Collections.ObjectModel.ReadOnlyCollection`1[System.String]","System.Collections.Generic.List`1[System.Diagnostics.Eventing.Reader.EventProperty]"
"The server {8CFC164F-4BE5-4FDD-94E9-E2AF73ED4A19} did not register with DCOM within the required timeout.","10010","0","0","2","0","0","-9187343239835811840","10179","Microsoft-Windows-DistributedCOM","1b562e86-b7aa-4131-badc-b6f3a001407e","System","880","892","ASCENDI-HTMOH1J","S-1-5-21-1649049209-2824995486-182282566-1000","8/22/2025 11:06:48 PM","eb261c30-1387-0000-712d-27eb8713dc01",,"System","System.UInt32[]","System.Diagnostics.Eventing.Reader.EventBookmark","Error","Info",,"System.Collections.ObjectModel.ReadOnlyCollection`1[System.String]","System.Collections.Generic.List`1[System.Diagnostics.Eventing.Reader.EventProperty]"
"The system firmware returned an error Unspecified error when attempting to update a Secure Boot variable. For more information, please see https://go.microsoft.com/fwlink/?linkid=2169931","1795","0",,"2","0","0","-9223372036854775808","10170","Microsoft-Windows-TPM-WMI","7d5387b0-cbe0-11da-a94d-0800200c9a66","System","2220","488","ASCENDI-HTMOH1J","S-1-5-18","8/22/2025 11:01:09 PM",,,"System","System.UInt32[]","System.Diagnostics.Eventing.Reader.EventBookmark","Error","Info",,"System.Collections.ObjectModel.ReadOnlyCollection`1[System.String]","System.Collections.Generic.List`1[System.Diagnostics.Eventing.Reader.EventProperty]"
"The previous system shutdown at 4:52:34 PM on ?8/?22/?2025 was unexpected.","6008","0","32768","2","0","0","36028797018963968","10106","EventLog",,"System","1072","2128","ASCENDI-HTMOH1J",,"8/22/2025 10:44:09 PM",,,"System","System.UInt32[]","System.Diagnostics.Eventing.Reader.EventBookmark","Error",,"None","System.Collections.ObjectModel.ReadOnlyCollection`1[System.String]","System.Collections.Generic.List`1[System.Diagnostics.Eventing.Reader.EventProperty]"
"The server Microsoft.StorePurchaseApp_22506.1401.4.0_x64__8wekyb3d8bbwe!App.AppXh68f74x901gdx01kwdh3szc5yp7bnmah.mca did not register with DCOM within the required timeout.","10010","0","0","2","0","0","-9187343239835811840","10066","Microsoft-Windows-DistributedCOM","1b562e86-b7aa-4131-badc-b6f3a001407e","System","860","12260","ASCENDI-HTMOH1J","S-1-5-21-1649049209-2824995486-182282566-1000","8/22/2025 2:04:50 PM","8680ac49-1311-0001-66b6-80861113dc01",,"System","System.UInt32[]","System.Diagnostics.Eventing.Reader.EventBookmark","Error","Info",,"System.Collections.ObjectModel.ReadOnlyCollection`1[System.String]","System.Collections.Generic.List`1[System.Diagnostics.Eventing.Reader.EventProperty]"
"The Software Protection service failed to start due to the following error: 
The service did not respond to the start or control request in a timely fashion.","7000","0","49152","2","0","0","-9187343239835811840","10065","Service Control Manager","555908d1-a6d7-4695-8e1e-26931d2012f4","System","900","8096","ASCENDI-HTMOH1J",,"8/22/2025 2:04:50 PM",,,"System","System.UInt32[]","System.Diagnostics.Eventing.Reader.EventBookmark","Error",,,"System.Collections.ObjectModel.ReadOnlyCollection`1[System.String]","System.Collections.Generic.List`1[System.Diagnostics.Eventing.Reader.EventProperty]"
"A timeout was reached (30000 milliseconds) while waiting for the Software Protection service to connect.","7009","0","49152","2","0","0","-9187343239835811840","10064","Service Control Manager","555908d1-a6d7-4695-8e1e-26931d2012f4","System","900","8096","ASCENDI-HTMOH1J",,"8/22/2025 2:04:50 PM",,,"System","System.UInt32[]","System.Diagnostics.Eventing.Reader.EventBookmark","Error",,,"System.Collections.ObjectModel.ReadOnlyCollection`1[System.String]","System.Collections.Generic.List`1[System.Diagnostics.Eventing.Reader.EventProperty]"
"A timeout (30000 milliseconds) was reached while waiting for a transaction response from the WerSvc service.","7011","0","49152","2","0","0","-9187343239835811840","10063","Service Control Manager","555908d1-a6d7-4695-8e1e-26931d2012f4","System","900","12200","ASCENDI-HTMOH1J",,"8/22/2025 2:04:50 PM",,,"System","System.UInt32[]","System.Diagnostics.Eventing.Reader.EventBookmark","Error",,,"System.Collections.ObjectModel.ReadOnlyCollection`1[System.String]","System.Collections.Generic.List`1[System.Diagnostics.Eventing.Reader.EventProperty]"
"The AppX Deployment Service (AppXSVC) service failed to start due to the following error: 
The service did not respond to the start or control request in a timely fashion.","7000","0","49152","2","0","0","-9187343239835811840","10062","Service Control Manager","555908d1-a6d7-4695-8e1e-26931d2012f4","System","900","8096","ASCENDI-HTMOH1J",,"8/22/2025 1:23:48 PM",,,"System","System.UInt32[]","System.Diagnostics.Eventing.Reader.EventBookmark","Error",,,"System.Collections.ObjectModel.ReadOnlyCollection`1[System.String]","System.Collections.Generic.List`1[System.Diagnostics.Eventing.Reader.EventProperty]"
"A timeout (30000 milliseconds) was reached while waiting for a transaction response from the AppXSvc service.","7011","0","49152","2","0","0","-9187343239835811840","10061","Service Control Manager","555908d1-a6d7-4695-8e1e-26931d2012f4","System","900","8096","ASCENDI-HTMOH1J",,"8/22/2025 1:23:48 PM",,,"System","System.UInt32[]","System.Diagnostics.Eventing.Reader.EventBookmark","Error",,,"System.Collections.ObjectModel.ReadOnlyCollection`1[System.String]","System.Collections.Generic.List`1[System.Diagnostics.Eventing.Reader.EventProperty]"
"Installation Failure: Windows failed to install the following update with error 0x80073D02: 9MSSGKG348SP-MicrosoftWindows.Client.WebExperience.","20","1",,"2","1","13","-9223372036854775768","10026","Microsoft-Windows-WindowsUpdateClient","945a8954-c147-4acd-923f-40c45405a658","System","7528","2364","ASCENDI-HTMOH1J","S-1-5-18","8/22/2025 8:54:48 AM","8680ac49-1311-0001-c62b-83861113dc01",,"System","System.UInt32[]","System.Diagnostics.Eventing.Reader.EventBookmark","Error","Installation","Windows Update Agent","System.Collections.ObjectModel.ReadOnlyCollection`1[System.String]","System.Collections.Generic.List`1[System.Diagnostics.Eventing.Reader.EventProperty]"
"The system firmware returned an error Unspecified error when attempting to update a Secure Boot variable. For more information, please see https://go.microsoft.com/fwlink/?linkid=2169931","1795","0",,"2","0","0","-9223372036854775808","10008","Microsoft-Windows-TPM-WMI","7d5387b0-cbe0-11da-a94d-0800200c9a66","System","9940","10132","ASCENDI-HTMOH1J","S-1-5-18","8/22/2025 8:41:26 AM",,,"System","System.UInt32[]","System.Diagnostics.Eventing.Reader.EventBookmark","Error","Info",,"System.Collections.ObjectModel.ReadOnlyCollection`1[System.String]","System.Collections.Generic.List`1[System.Diagnostics.Eventing.Reader.EventProperty]"
"The previous system shutdown at 11:13:37 PM on ?8/?21/?2025 was unexpected.","6008","0","32768","2","0","0","36028797018963968","9922","EventLog",,"System","1960","1264","ASCENDI-HTMOH1J",,"8/22/2025 8:35:40 AM",,,"System","System.UInt32[]","System.Diagnostics.Eventing.Reader.EventBookmark","Error",,"None","System.Collections.ObjectModel.ReadOnlyCollection`1[System.String]","System.Collections.Generic.List`1[System.Diagnostics.Eventing.Reader.EventProperty]"
"The server Microsoft.YourPhone_1.25072.63.0_x64__8wekyb3d8bbwe!App.AppXn958k7nsj8mxxmsepqdam8xk948t30sc.mca did not register with DCOM within the required timeout.","10010","0","0","2","0","0","-9187343239835811840","9917","Microsoft-Windows-DistributedCOM","1b562e86-b7aa-4131-badc-b6f3a001407e","System","896","8440","ASCENDI-HTMOH1J","S-1-5-21-1649049209-2824995486-182282566-1000","8/21/2025 10:39:16 PM","87595387-12ac-0001-a45d-5987ac12dc01",,"System","System.UInt32[]","System.Diagnostics.Eventing.Reader.EventBookmark","Error","Info",,"System.Collections.ObjectModel.ReadOnlyCollection`1[System.String]","System.Collections.Generic.List`1[System.Diagnostics.Eventing.Reader.EventProperty]"
"DCOM got error ""1053"" attempting to start the service WaaSMedicSvc with arguments ""Unavailable"" in order to run the server:
{72566E27-1ABB-4EB3-B4F0-EB431CB1CB32}","10005","0","0","2","0","0","-9187343239835811840","9916","Microsoft-Windows-DistributedCOM","1b562e86-b7aa-4131-badc-b6f3a001407e","System","532","3900","ASCENDI-HTMOH1J","S-1-5-18","8/21/2025 10:39:16 PM","87595387-12ac-0001-bd5c-5b87ac12dc01",,"System","System.UInt32[]","System.Diagnostics.Eventing.Reader.EventBookmark","Error","Info",,"System.Collections.ObjectModel.ReadOnlyCollection`1[System.String]","System.Collections.Generic.List`1[System.Diagnostics.Eventing.Reader.EventProperty]"
"The WaaSMedicSvc service failed to start due to the following error: 
The service did not respond to the start or control request in a timely fashion.","7000","0","49152","2","0","0","-9187343239835811840","9915","Service Control Manager","555908d1-a6d7-4695-8e1e-26931d2012f4","System","912","5644","ASCENDI-HTMOH1J",,"8/21/2025 10:39:14 PM",,,"System","System.UInt32[]","System.Diagnostics.Eventing.Reader.EventBookmark","Error",,,"System.Collections.ObjectModel.ReadOnlyCollection`1[System.String]","System.Collections.Generic.List`1[System.Diagnostics.Eventing.Reader.EventProperty]"
"A timeout was reached (30000 milliseconds) while waiting for the WaaSMedicSvc service to connect.","7009","0","49152","2","0","0","-9187343239835811840","9914","Service Control Manager","555908d1-a6d7-4695-8e1e-26931d2012f4","System","912","5644","ASCENDI-HTMOH1J",,"8/21/2025 10:39:14 PM",,,"System","System.UInt32[]","System.Diagnostics.Eventing.Reader.EventBookmark","Error",,,"System.Collections.ObjectModel.ReadOnlyCollection`1[System.String]","System.Collections.Generic.List`1[System.Diagnostics.Eventing.Reader.EventProperty]"
"The system firmware returned an error Unspecified error when attempting to update a Secure Boot variable. For more information, please see https://go.microsoft.com/fwlink/?linkid=2169931","1795","0",,"2","0","0","-9223372036854775808","9909","Microsoft-Windows-TPM-WMI","7d5387b0-cbe0-11da-a94d-0800200c9a66","System","2120","1608","ASCENDI-HTMOH1J","S-1-5-18","8/21/2025 8:46:21 PM",,,"System","System.UInt32[]","System.Diagnostics.Eventing.Reader.EventBookmark","Error","Info",,"System.Collections.ObjectModel.ReadOnlyCollection`1[System.String]","System.Collections.Generic.List`1[System.Diagnostics.Eventing.Reader.EventProperty]"
"The previous system shutdown at 4:47:57 PM on ?8/?21/?2025 was unexpected.","6008","0","32768","2","0","0","36028797018963968","9826","EventLog",,"System","1048","1828","ASCENDI-HTMOH1J",,"8/21/2025 8:32:41 PM",,,"System","System.UInt32[]","System.Diagnostics.Eventing.Reader.EventBookmark","Error",,"None","System.Collections.ObjectModel.ReadOnlyCollection`1[System.String]","System.Collections.Generic.List`1[System.Diagnostics.Eventing.Reader.EventProperty]"
"The system firmware returned an error Unspecified error when attempting to update a Secure Boot variable. For more information, please see https://go.microsoft.com/fwlink/?linkid=2169931","1795","0",,"2","0","0","-9223372036854775808","9772","Microsoft-Windows-TPM-WMI","7d5387b0-cbe0-11da-a94d-0800200c9a66","System","8764","1380","ASCENDI-HTMOH1J","S-1-5-18","8/21/2025 9:08:58 AM",,,"System","System.UInt32[]","System.Diagnostics.Eventing.Reader.EventBookmark","Error","Info",,"System.Collections.ObjectModel.ReadOnlyCollection`1[System.String]","System.Collections.Generic.List`1[System.Diagnostics.Eventing.Reader.EventProperty]"
"The previous system shutdown at 11:50:22 PM on ?8/?20/?2025 was unexpected.","6008","0","32768","2","0","0","36028797018963968","9684","EventLog",,"System","1868","2004","ASCENDI-HTMOH1J",,"8/21/2025 9:02:28 AM",,,"System","System.UInt32[]","System.Diagnostics.Eventing.Reader.EventBookmark","Error",,"None","System.Collections.ObjectModel.ReadOnlyCollection`1[System.String]","System.Collections.Generic.List`1[System.Diagnostics.Eventing.Reader.EventProperty]"
"Installation Failure: Windows failed to install the following update with error 0x80240016: Security Intelligence Update for Microsoft Defender Antivirus - KB2267602 (Version 1.435.286.0) - Current Channel (Broad).","20","1",,"2","1","13","-9223372036854775768","9674","Microsoft-Windows-WindowsUpdateClient","945a8954-c147-4acd-923f-40c45405a658","System","5840","3988","ASCENDI-HTMOH1J","S-1-5-18","8/20/2025 11:13:26 PM",,,"System","System.UInt32[]","System.Diagnostics.Eventing.Reader.EventBookmark","Error","Installation","Windows Update Agent","System.Collections.ObjectModel.ReadOnlyCollection`1[System.String]","System.Collections.Generic.List`1[System.Diagnostics.Eventing.Reader.EventProperty]"
"The previous system shutdown at 4:26:02 PM on ?8/?20/?2025 was unexpected.","6008","0","32768","2","0","0","36028797018963968","9591","EventLog",,"System","2148","2328","ASCENDI-HTMOH1J",,"8/20/2025 10:22:36 PM",,,"System","System.UInt32[]","System.Diagnostics.Eventing.Reader.EventBookmark","Error",,"None","System.Collections.ObjectModel.ReadOnlyCollection`1[System.String]","System.Collections.Generic.List`1[System.Diagnostics.Eventing.Reader.EventProperty]"
"The system firmware returned an error Unspecified error when attempting to update a Secure Boot variable. For more information, please see https://go.microsoft.com/fwlink/?linkid=2169931","1795","0",,"2","0","0","-9223372036854775808","9570","Microsoft-Windows-TPM-WMI","7d5387b0-cbe0-11da-a94d-0800200c9a66","System","540","2352","ASCENDI-HTMOH1J","S-1-5-18","8/20/2025 3:43:15 PM",,,"System","System.UInt32[]","System.Diagnostics.Eventing.Reader.EventBookmark","Error","Info",,"System.Collections.ObjectModel.ReadOnlyCollection`1[System.String]","System.Collections.Generic.List`1[System.Diagnostics.Eventing.Reader.EventProperty]"
"The computer has rebooted from a bugcheck.  The bugcheck was: 0x0000009f (0x0000000000000003, 0xffffbf89a9ed7050, 0xfffff805395a19f0, 0xffffbf89a96b6010). A dump was saved in: C:\WINDOWS\MEMORY.DMP. Report Id: 00000000-0000-0000-0000-000000000000.","1001","1",,"2","0","0","-9223372036854775808","9567","Microsoft-Windows-WER-SystemErrorReporting","abce23e7-de45-4366-8631-84fa6c525952","System","916","920","ASCENDI-HTMOH1J","S-1-5-18","8/20/2025 3:39:22 PM",,,"System","System.UInt32[]","System.Diagnostics.Eventing.Reader.EventBookmark","Error","Info",,"System.Collections.ObjectModel.ReadOnlyCollection`1[System.String]","System.Collections.Generic.List`1[System.Diagnostics.Eventing.Reader.EventProperty]"
"Unable to produce a minidump file from the full dump file.","1005","1",,"2","0","0","-9223372036854775808","9566","Microsoft-Windows-WER-SystemErrorReporting","abce23e7-de45-4366-8631-84fa6c525952","System","916","920","ASCENDI-HTMOH1J","S-1-5-18","8/20/2025 3:39:22 PM",,,"System","System.UInt32[]","System.Diagnostics.Eventing.Reader.EventBookmark","Error","Info",,"System.Collections.ObjectModel.ReadOnlyCollection`1[System.String]","System.Collections.Generic.List`1[System.Diagnostics.Eventing.Reader.EventProperty]"
"Dump file creation failed due to error during dump creation. BugCheckProgress was: 000000000100000000000000A10004C00000000004001AC000000000000000000000000000000000","161","0","49156","2","0","0","36028797018963968","9511","volmgr",,"System","4","372","ASCENDI-HTMOH1J",,"8/20/2025 3:38:01 PM",,,"System","System.UInt32[]","System.Diagnostics.Eventing.Reader.EventBookmark","Error",,"None","System.Collections.ObjectModel.ReadOnlyCollection`1[System.String]","System.Collections.Generic.List`1[System.Diagnostics.Eventing.Reader.EventProperty]"
"Dump file creation failed due to error during dump creation. BugCheckProgress was: 0x00000052","161","0","49156","2","0","0","36028797018963968","9510","volmgr",,"System","4","372","ASCENDI-HTMOH1J",,"8/20/2025 3:38:01 PM",,,"System","System.UInt32[]","System.Diagnostics.Eventing.Reader.EventBookmark","Error",,"None","System.Collections.ObjectModel.ReadOnlyCollection`1[System.String]","System.Collections.Generic.List`1[System.Diagnostics.Eventing.Reader.EventProperty]"
"The previous system shutdown at 2:43:45 PM on ?8/?20/?2025 was unexpected.","6008","0","32768","2","0","0","36028797018963968","9492","EventLog",,"System","1972","1228","ASCENDI-HTMOH1J",,"8/20/2025 3:38:15 PM",,,"System","System.UInt32[]","System.Diagnostics.Eventing.Reader.EventBookmark","Error",,"None","System.Collections.ObjectModel.ReadOnlyCollection`1[System.String]","System.Collections.Generic.List`1[System.Diagnostics.Eventing.Reader.EventProperty]"
"The server Microsoft.Windows.ContentDeliveryManager_10.0.26100.1_neutral_neutral_cw5n1h2txyewy!App.AppXx4zfy1ffv3wctgdz2vypnybzjkh27jhw.mca did not register with DCOM within the required timeout.","10010","0","0","2","0","0","-9187343239835811840","9478","Microsoft-Windows-DistributedCOM","1b562e86-b7aa-4131-badc-b6f3a001407e","System","488","12020","ASCENDI-HTMOH1J","S-1-5-21-1649049209-2824995486-182282566-1000","8/20/2025 1:51:52 PM","c9b42f53-1185-0000-ec3a-b4c98511dc01",,"System","System.UInt32[]","System.Diagnostics.Eventing.Reader.EventBookmark","Error","Info",,"System.Collections.ObjectModel.ReadOnlyCollection`1[System.String]","System.Collections.Generic.List`1[System.Diagnostics.Eventing.Reader.EventProperty]"
"The system firmware returned an error Unspecified error when attempting to update a Secure Boot variable. For more information, please see https://go.microsoft.com/fwlink/?linkid=2169931","1795","0",,"2","0","0","-9223372036854775808","9442","Microsoft-Windows-TPM-WMI","7d5387b0-cbe0-11da-a94d-0800200c9a66","System","7368","816","ASCENDI-HTMOH1J","S-1-5-18","8/20/2025 9:27:40 AM",,,"System","System.UInt32[]","System.Diagnostics.Eventing.Reader.EventBookmark","Error","Info",,"System.Collections.ObjectModel.ReadOnlyCollection`1[System.String]","System.Collections.Generic.List`1[System.Diagnostics.Eventing.Reader.EventProperty]"
"The previous system shutdown at 4:31:23 PM on ?8/?19/?2025 was unexpected.","6008","0","32768","2","0","0","36028797018963968","9357","EventLog",,"System","2020","1304","ASCENDI-HTMOH1J",,"8/20/2025 9:22:30 AM",,,"System","System.UInt32[]","System.Diagnostics.Eventing.Reader.EventBookmark","Error",,"None","System.Collections.ObjectModel.ReadOnlyCollection`1[System.String]","System.Collections.Generic.List`1[System.Diagnostics.Eventing.Reader.EventProperty]"
"Installation Failure: Windows failed to install the following update with error 0x80073D02: 9NMPJ99VJBWV-Microsoft.YourPhone.","20","1",,"2","1","13","-9223372036854775768","9312","Microsoft-Windows-WindowsUpdateClient","945a8954-c147-4acd-923f-40c45405a658","System","8888","8532","ASCENDI-HTMOH1J","S-1-5-18","8/19/2025 9:20:32 AM","7dbb21f7-10b9-0001-7a7f-bd7db910dc01",,"System","System.UInt32[]","System.Diagnostics.Eventing.Reader.EventBookmark","Error","Installation","Windows Update Agent","System.Collections.ObjectModel.ReadOnlyCollection`1[System.String]","System.Collections.Generic.List`1[System.Diagnostics.Eventing.Reader.EventProperty]"
"The system firmware returned an error Unspecified error when attempting to update a Secure Boot variable. For more information, please see https://go.microsoft.com/fwlink/?linkid=2169931","1795","0",,"2","0","0","-9223372036854775808","9307","Microsoft-Windows-TPM-WMI","7d5387b0-cbe0-11da-a94d-0800200c9a66","System","6392","3240","ASCENDI-HTMOH1J","S-1-5-18","8/19/2025 9:15:23 AM",,,"System","System.UInt32[]","System.Diagnostics.Eventing.Reader.EventBookmark","Error","Info",,"System.Collections.ObjectModel.ReadOnlyCollection`1[System.String]","System.Collections.Generic.List`1[System.Diagnostics.Eventing.Reader.EventProperty]"
"The previous system shutdown at 11:29:44 PM on ?8/?18/?2025 was unexpected.","6008","0","32768","2","0","0","36028797018963968","9216","EventLog",,"System","2036","1964","ASCENDI-HTMOH1J",,"8/19/2025 9:00:23 AM",,,"System","System.UInt32[]","System.Diagnostics.Eventing.Reader.EventBookmark","Error",,"None","System.Collections.ObjectModel.ReadOnlyCollection`1[System.String]","System.Collections.Generic.List`1[System.Diagnostics.Eventing.Reader.EventProperty]"
"The Software Protection service failed to start due to the following error: 
The service did not respond to the start or control request in a timely fashion.","7000","0","49152","2","0","0","-9187343239835811840","9214","Service Control Manager","555908d1-a6d7-4695-8e1e-26931d2012f4","System","888","10508","ASCENDI-HTMOH1J",,"8/18/2025 11:29:44 PM",,,"System","System.UInt32[]","System.Diagnostics.Eventing.Reader.EventBookmark","Error",,,"System.Collections.ObjectModel.ReadOnlyCollection`1[System.String]","System.Collections.Generic.List`1[System.Diagnostics.Eventing.Reader.EventProperty]"
"A timeout was reached (30000 milliseconds) while waiting for the Software Protection service to connect.","7009","0","49152","2","0","0","-9187343239835811840","9213","Service Control Manager","555908d1-a6d7-4695-8e1e-26931d2012f4","System","888","10508","ASCENDI-HTMOH1J",,"8/18/2025 11:29:44 PM",,,"System","System.UInt32[]","System.Diagnostics.Eventing.Reader.EventBookmark","Error",,,"System.Collections.ObjectModel.ReadOnlyCollection`1[System.String]","System.Collections.Generic.List`1[System.Diagnostics.Eventing.Reader.EventProperty]"
"The AppX Deployment Service (AppXSVC) service failed to start due to the following error: 
The service did not respond to the start or control request in a timely fashion.","7000","0","49152","2","0","0","-9187343239835811840","9212","Service Control Manager","555908d1-a6d7-4695-8e1e-26931d2012f4","System","888","10732","ASCENDI-HTMOH1J",,"8/18/2025 11:29:44 PM",,,"System","System.UInt32[]","System.Diagnostics.Eventing.Reader.EventBookmark","Error",,,"System.Collections.ObjectModel.ReadOnlyCollection`1[System.String]","System.Collections.Generic.List`1[System.Diagnostics.Eventing.Reader.EventProperty]"
"A timeout (30000 milliseconds) was reached while waiting for a transaction response from the AppXSvc service.","7011","0","49152","2","0","0","-9187343239835811840","9211","Service Control Manager","555908d1-a6d7-4695-8e1e-26931d2012f4","System","888","10732","ASCENDI-HTMOH1J",,"8/18/2025 11:29:44 PM",,,"System","System.UInt32[]","System.Diagnostics.Eventing.Reader.EventBookmark","Error",,,"System.Collections.ObjectModel.ReadOnlyCollection`1[System.String]","System.Collections.Generic.List`1[System.Diagnostics.Eventing.Reader.EventProperty]"
"The system firmware returned an error Unspecified error when attempting to update a Secure Boot variable. For more information, please see https://go.microsoft.com/fwlink/?linkid=2169931","1795","0",,"2","0","0","-9223372036854775808","9201","Microsoft-Windows-TPM-WMI","7d5387b0-cbe0-11da-a94d-0800200c9a66","System","9096","8900","ASCENDI-HTMOH1J","S-1-5-18","8/18/2025 7:29:26 PM",,,"System","System.UInt32[]","System.Diagnostics.Eventing.Reader.EventBookmark","Error","Info",,"System.Collections.ObjectModel.ReadOnlyCollection`1[System.String]","System.Collections.Generic.List`1[System.Diagnostics.Eventing.Reader.EventProperty]"
"The Delivery Optimization service failed to start due to the following error: 
The service did not respond to the start or control request in a timely fashion.","7000","0","49152","2","0","0","-9187343239835811840","9192","Service Control Manager","555908d1-a6d7-4695-8e1e-26931d2012f4","System","888","3980","ASCENDI-HTMOH1J",,"8/18/2025 7:17:06 PM",,,"System","System.UInt32[]","System.Diagnostics.Eventing.Reader.EventBookmark","Error",,,"System.Collections.ObjectModel.ReadOnlyCollection`1[System.String]","System.Collections.Generic.List`1[System.Diagnostics.Eventing.Reader.EventProperty]"
"A timeout was reached (30000 milliseconds) while waiting for the Delivery Optimization service to connect.","7009","0","49152","2","0","0","-9187343239835811840","9191","Service Control Manager","555908d1-a6d7-4695-8e1e-26931d2012f4","System","888","3980","ASCENDI-HTMOH1J",,"8/18/2025 7:17:06 PM",,,"System","System.UInt32[]","System.Diagnostics.Eventing.Reader.EventBookmark","Error",,,"System.Collections.ObjectModel.ReadOnlyCollection`1[System.String]","System.Collections.Generic.List`1[System.Diagnostics.Eventing.Reader.EventProperty]"
"The previous system shutdown at 4:26:56 PM on ?8/?18/?2025 was unexpected.","6008","0","32768","2","0","0","36028797018963968","9020","EventLog",,"System","2000","1236","ASCENDI-HTMOH1J",,"8/18/2025 7:11:52 PM",,,"System","System.UInt32[]","System.Diagnostics.Eventing.Reader.EventBookmark","Error",,"None","System.Collections.ObjectModel.ReadOnlyCollection`1[System.String]","System.Collections.Generic.List`1[System.Diagnostics.Eventing.Reader.EventProperty]"
"A timeout (30000 milliseconds) was reached while waiting for a transaction response from the iphlpsvc service.","7011","0","49152","2","0","0","-9187343239835811840","8993","Service Control Manager","555908d1-a6d7-4695-8e1e-26931d2012f4","System","896","17028","ASCENDI-HTMOH1J",,"8/18/2025 3:01:56 PM",,,"System","System.UInt32[]","System.Diagnostics.Eventing.Reader.EventBookmark","Error",,,"System.Collections.ObjectModel.ReadOnlyCollection`1[System.String]","System.Collections.Generic.List`1[System.Diagnostics.Eventing.Reader.EventProperty]"
"A timeout (30000 milliseconds) was reached while waiting for a transaction response from the SysMain service.","7011","0","49152","2","0","0","-9187343239835811840","8992","Service Control Manager","555908d1-a6d7-4695-8e1e-26931d2012f4","System","896","13616","ASCENDI-HTMOH1J",,"8/18/2025 3:01:56 PM",,,"System","System.UInt32[]","System.Diagnostics.Eventing.Reader.EventBookmark","Error",,,"System.Collections.ObjectModel.ReadOnlyCollection`1[System.String]","System.Collections.Generic.List`1[System.Diagnostics.Eventing.Reader.EventProperty]"
"A timeout (30000 milliseconds) was reached while waiting for a transaction response from the EventLog service.","7011","0","49152","2","0","0","-9187343239835811840","8991","Service Control Manager","555908d1-a6d7-4695-8e1e-26931d2012f4","System","896","7476","ASCENDI-HTMOH1J",,"8/18/2025 3:01:56 PM",,,"System","System.UInt32[]","System.Diagnostics.Eventing.Reader.EventBookmark","Error",,,"System.Collections.ObjectModel.ReadOnlyCollection`1[System.String]","System.Collections.Generic.List`1[System.Diagnostics.Eventing.Reader.EventProperty]"
"The Connected User Experiences and Telemetry service terminated unexpectedly.  It has done this 1 time(s).  The following corrective action will be taken in 30000 milliseconds: Restart the service.","7031","0","49152","2","0","0","-9187343239835811840","8982","Service Control Manager","555908d1-a6d7-4695-8e1e-26931d2012f4","System","896","3832","ASCENDI-HTMOH1J",,"8/18/2025 2:15:37 PM",,,"System","System.UInt32[]","System.Diagnostics.Eventing.Reader.EventBookmark","Error",,,"System.Collections.ObjectModel.ReadOnlyCollection`1[System.String]","System.Collections.Generic.List`1[System.Diagnostics.Eventing.Reader.EventProperty]"
"The server MicrosoftWindows.Client.WebExperience_525.18101.90.0_x64__cw5n1h2txyewy!WindowsUdk.UI.Shell.Dashboard.DashboardExtension did not register with DCOM within the required timeout.","10010","0","0","2","0","0","-9187343239835811840","8981","Microsoft-Windows-DistributedCOM","1b562e86-b7aa-4131-badc-b6f3a001407e","System","324","5904","ASCENDI-HTMOH1J","S-1-5-21-1649049209-2824995486-182282566-1000","8/18/2025 2:15:02 PM",,,"System","System.UInt32[]","System.Diagnostics.Eventing.Reader.EventBookmark","Error","Info",,"System.Collections.ObjectModel.ReadOnlyCollection`1[System.String]","System.Collections.Generic.List`1[System.Diagnostics.Eventing.Reader.EventProperty]"
"The server Microsoft.YourPhone_1.25071.54.0_x64__8wekyb3d8bbwe!App.AppXn958k7nsj8mxxmsepqdam8xk948t30sc.mca did not register with DCOM within the required timeout.","10010","0","0","2","0","0","-9187343239835811840","8980","Microsoft-Windows-DistributedCOM","1b562e86-b7aa-4131-badc-b6f3a001407e","System","324","3256","ASCENDI-HTMOH1J","S-1-5-21-1649049209-2824995486-182282566-1000","8/18/2025 1:36:19 PM","87846280-1007-0000-d3b5-85870710dc01",,"System","System.UInt32[]","System.Diagnostics.Eventing.Reader.EventBookmark","Error","Info",,"System.Collections.ObjectModel.ReadOnlyCollection`1[System.String]","System.Collections.Generic.List`1[System.Diagnostics.Eventing.Reader.EventProperty]"
"The server Microsoft.StorePurchaseApp_22506.1401.4.0_x64__8wekyb3d8bbwe!App.AppXh68f74x901gdx01kwdh3szc5yp7bnmah.mca did not register with DCOM within the required timeout.","10010","0","0","2","0","0","-9187343239835811840","8979","Microsoft-Windows-DistributedCOM","1b562e86-b7aa-4131-badc-b6f3a001407e","System","324","11152","ASCENDI-HTMOH1J","S-1-5-21-1649049209-2824995486-182282566-1000","8/18/2025 1:36:18 PM","87846280-1007-0000-4b79-84870710dc01",,"System","System.UInt32[]","System.Diagnostics.Eventing.Reader.EventBookmark","Error","Info",,"System.Collections.ObjectModel.ReadOnlyCollection`1[System.String]","System.Collections.Generic.List`1[System.Diagnostics.Eventing.Reader.EventProperty]"
"The server Microsoft.YourPhone_1.25071.54.0_x64__8wekyb3d8bbwe!App.AppXn958k7nsj8mxxmsepqdam8xk948t30sc.mca did not register with DCOM within the required timeout.","10010","0","0","2","0","0","-9187343239835811840","8975","Microsoft-Windows-DistributedCOM","1b562e86-b7aa-4131-badc-b6f3a001407e","System","324","11140","ASCENDI-HTMOH1J","S-1-5-21-1649049209-2824995486-182282566-1000","8/18/2025 1:19:17 PM","87846280-1007-0001-b893-85870710dc01",,"System","System.UInt32[]","System.Diagnostics.Eventing.Reader.EventBookmark","Error","Info",,"System.Collections.ObjectModel.ReadOnlyCollection`1[System.String]","System.Collections.Generic.List`1[System.Diagnostics.Eventing.Reader.EventProperty]"
"The Software Protection service failed to start due to the following error: 
The service did not respond to the start or control request in a timely fashion.","7000","0","49152","2","0","0","-9187343239835811840","8974","Service Control Manager","555908d1-a6d7-4695-8e1e-26931d2012f4","System","896","3992","ASCENDI-HTMOH1J",,"8/18/2025 1:19:17 PM",,,"System","System.UInt32[]","System.Diagnostics.Eventing.Reader.EventBookmark","Error",,,"System.Collections.ObjectModel.ReadOnlyCollection`1[System.String]","System.Collections.Generic.List`1[System.Diagnostics.Eventing.Reader.EventProperty]"
"A timeout was reached (30000 milliseconds) while waiting for the Software Protection service to connect.","7009","0","49152","2","0","0","-9187343239835811840","8973","Service Control Manager","555908d1-a6d7-4695-8e1e-26931d2012f4","System","896","3992","ASCENDI-HTMOH1J",,"8/18/2025 1:19:17 PM",,,"System","System.UInt32[]","System.Diagnostics.Eventing.Reader.EventBookmark","Error",,,"System.Collections.ObjectModel.ReadOnlyCollection`1[System.String]","System.Collections.Generic.List`1[System.Diagnostics.Eventing.Reader.EventProperty]"
"The server {8CFC164F-4BE5-4FDD-94E9-E2AF73ED4A19} did not register with DCOM within the required timeout.","10010","0","0","2","0","0","-9187343239835811840","8971","Microsoft-Windows-DistributedCOM","1b562e86-b7aa-4131-badc-b6f3a001407e","System","324","1004","ASCENDI-HTMOH1J","S-1-5-21-1649049209-2824995486-182282566-1000","8/18/2025 12:26:17 PM","87846280-1007-0000-de50-85870710dc01",,"System","System.UInt32[]","System.Diagnostics.Eventing.Reader.EventBookmark","Error","Info",,"System.Collections.ObjectModel.ReadOnlyCollection`1[System.String]","System.Collections.Generic.List`1[System.Diagnostics.Eventing.Reader.EventProperty]"
"The server MicrosoftWindows.Client.WebExperience_525.18101.90.0_x64__cw5n1h2txyewy!WindowsUdk.UI.Shell.Dashboard.DashboardExtension did not register with DCOM within the required timeout.","10010","0","0","2","0","0","-9187343239835811840","8968","Microsoft-Windows-DistributedCOM","1b562e86-b7aa-4131-badc-b6f3a001407e","System","324","7504","ASCENDI-HTMOH1J","S-1-5-21-1649049209-2824995486-182282566-1000","8/18/2025 12:25:31 PM",,,"System","System.UInt32[]","System.Diagnostics.Eventing.Reader.EventBookmark","Error","Info",,"System.Collections.ObjectModel.ReadOnlyCollection`1[System.String]","System.Collections.Generic.List`1[System.Diagnostics.Eventing.Reader.EventProperty]"
"DCOM got error ""1053"" attempting to start the service WaaSMedicSvc with arguments ""Unavailable"" in order to run the server:
{72566E27-1ABB-4EB3-B4F0-EB431CB1CB32}","10005","0","0","2","0","0","-9187343239835811840","8967","Microsoft-Windows-DistributedCOM","1b562e86-b7aa-4131-badc-b6f3a001407e","System","356","3968","ASCENDI-HTMOH1J","S-1-5-18","8/18/2025 12:25:31 PM","87846280-1007-0000-1549-85870710dc01",,"System","System.UInt32[]","System.Diagnostics.Eventing.Reader.EventBookmark","Error","Info",,"System.Collections.ObjectModel.ReadOnlyCollection`1[System.String]","System.Collections.Generic.List`1[System.Diagnostics.Eventing.Reader.EventProperty]"
"The WaaSMedicSvc service failed to start due to the following error: 
The service did not respond to the start or control request in a timely fashion.","7000","0","49152","2","0","0","-9187343239835811840","8966","Service Control Manager","555908d1-a6d7-4695-8e1e-26931d2012f4","System","896","7932","ASCENDI-HTMOH1J",,"8/18/2025 12:25:31 PM",,,"System","System.UInt32[]","System.Diagnostics.Eventing.Reader.EventBookmark","Error",,,"System.Collections.ObjectModel.ReadOnlyCollection`1[System.String]","System.Collections.Generic.List`1[System.Diagnostics.Eventing.Reader.EventProperty]"
"A timeout was reached (30000 milliseconds) while waiting for the WaaSMedicSvc service to connect.","7009","0","49152","2","0","0","-9187343239835811840","8965","Service Control Manager","555908d1-a6d7-4695-8e1e-26931d2012f4","System","896","7932","ASCENDI-HTMOH1J",,"8/18/2025 12:25:31 PM",,,"System","System.UInt32[]","System.Diagnostics.Eventing.Reader.EventBookmark","Error",,,"System.Collections.ObjectModel.ReadOnlyCollection`1[System.String]","System.Collections.Generic.List`1[System.Diagnostics.Eventing.Reader.EventProperty]"
"The system firmware returned an error Unspecified error when attempting to update a Secure Boot variable. For more information, please see https://go.microsoft.com/fwlink/?linkid=2169931","1795","0",,"2","0","0","-9223372036854775808","8957","Microsoft-Windows-TPM-WMI","7d5387b0-cbe0-11da-a94d-0800200c9a66","System","1720","4192","ASCENDI-HTMOH1J","S-1-5-18","8/18/2025 12:03:33 PM",,,"System","System.UInt32[]","System.Diagnostics.Eventing.Reader.EventBookmark","Error","Info",,"System.Collections.ObjectModel.ReadOnlyCollection`1[System.String]","System.Collections.Generic.List`1[System.Diagnostics.Eventing.Reader.EventProperty]"
"The previous system shutdown at 11:29:46 AM on ?8/?18/?2025 was unexpected.","6008","0","32768","2","0","0","36028797018963968","8876","EventLog",,"System","1404","2056","ASCENDI-HTMOH1J",,"8/18/2025 11:46:57 AM",,,"System","System.UInt32[]","System.Diagnostics.Eventing.Reader.EventBookmark","Error",,"None","System.Collections.ObjectModel.ReadOnlyCollection`1[System.String]","System.Collections.Generic.List`1[System.Diagnostics.Eventing.Reader.EventProperty]"
"The system firmware returned an error Unspecified error when attempting to update a Secure Boot variable. For more information, please see https://go.microsoft.com/fwlink/?linkid=2169931","1795","0",,"2","0","0","-9223372036854775808","8852","Microsoft-Windows-TPM-WMI","7d5387b0-cbe0-11da-a94d-0800200c9a66","System","11024","9784","ASCENDI-HTMOH1J","S-1-5-18","8/18/2025 9:09:30 AM",,,"System","System.UInt32[]","System.Diagnostics.Eventing.Reader.EventBookmark","Error","Info",,"System.Collections.ObjectModel.ReadOnlyCollection`1[System.String]","System.Collections.Generic.List`1[System.Diagnostics.Eventing.Reader.EventProperty]"
"The previous system shutdown at 11:19:30 PM on ?8/?17/?2025 was unexpected.","6008","0","32768","2","0","0","36028797018963968","8761","EventLog",,"System","1956","2020","ASCENDI-HTMOH1J",,"8/18/2025 8:54:24 AM",,,"System","System.UInt32[]","System.Diagnostics.Eventing.Reader.EventBookmark","Error",,"None","System.Collections.ObjectModel.ReadOnlyCollection`1[System.String]","System.Collections.Generic.List`1[System.Diagnostics.Eventing.Reader.EventProperty]"
"The system firmware returned an error Unspecified error when attempting to update a Secure Boot variable. For more information, please see https://go.microsoft.com/fwlink/?linkid=2169931","1795","0",,"2","0","0","-9223372036854775808","8754","Microsoft-Windows-TPM-WMI","7d5387b0-cbe0-11da-a94d-0800200c9a66","System","1360","15244","ASCENDI-HTMOH1J","S-1-5-18","8/17/2025 11:19:23 PM",,,"System","System.UInt32[]","System.Diagnostics.Eventing.Reader.EventBookmark","Error","Info",,"System.Collections.ObjectModel.ReadOnlyCollection`1[System.String]","System.Collections.Generic.List`1[System.Diagnostics.Eventing.Reader.EventProperty]"
"The server Microsoft.StorePurchaseApp_22506.1401.4.0_x64__8wekyb3d8bbwe!App.AppXh68f74x901gdx01kwdh3szc5yp7bnmah.mca did not register with DCOM within the required timeout.","10010","0","0","2","0","0","-9187343239835811840","8747","Microsoft-Windows-DistributedCOM","1b562e86-b7aa-4131-badc-b6f3a001407e","System","868","12096","ASCENDI-HTMOH1J","S-1-5-21-1649049209-2824995486-182282566-1000","8/17/2025 9:42:25 PM","e10acbe3-0f39-0000-669c-0be1390fdc01",,"System","System.UInt32[]","System.Diagnostics.Eventing.Reader.EventBookmark","Error","Info",,"System.Collections.ObjectModel.ReadOnlyCollection`1[System.String]","System.Collections.Generic.List`1[System.Diagnostics.Eventing.Reader.EventProperty]"
"The server Microsoft.Windows.ContentDeliveryManager_10.0.26100.1_neutral_neutral_cw5n1h2txyewy!App.AppXx4zfy1ffv3wctgdz2vypnybzjkh27jhw.mca did not register with DCOM within the required timeout.","10010","0","0","2","0","0","-9187343239835811840","8714","Microsoft-Windows-DistributedCOM","1b562e86-b7aa-4131-badc-b6f3a001407e","System","868","7016","ASCENDI-HTMOH1J","S-1-5-21-1649049209-2824995486-182282566-1000","8/17/2025 4:47:10 PM","e10acbe3-0f39-0000-669c-0be1390fdc01",,"System","System.UInt32[]","System.Diagnostics.Eventing.Reader.EventBookmark","Error","Info",,"System.Collections.ObjectModel.ReadOnlyCollection`1[System.String]","System.Collections.Generic.List`1[System.Diagnostics.Eventing.Reader.EventProperty]"
"A timeout (30000 milliseconds) was reached while waiting for a transaction response from the defragsvc service.","7011","0","49152","2","0","0","-9187343239835811840","8707","Service Control Manager","555908d1-a6d7-4695-8e1e-26931d2012f4","System","912","11880","ASCENDI-HTMOH1J",,"8/17/2025 2:59:59 PM",,,"System","System.UInt32[]","System.Diagnostics.Eventing.Reader.EventBookmark","Error",,,"System.Collections.ObjectModel.ReadOnlyCollection`1[System.String]","System.Collections.Generic.List`1[System.Diagnostics.Eventing.Reader.EventProperty]"
"The server {8CFC164F-4BE5-4FDD-94E9-E2AF73ED4A19} did not register with DCOM within the required timeout.","10010","0","0","2","0","0","-9187343239835811840","8669","Microsoft-Windows-DistributedCOM","1b562e86-b7aa-4131-badc-b6f3a001407e","System","868","3688","ASCENDI-HTMOH1J","S-1-5-21-1649049209-2824995486-182282566-1000","8/17/2025 11:43:38 AM","e10acbe3-0f39-0000-60b8-0ce1390fdc01",,"System","System.UInt32[]","System.Diagnostics.Eventing.Reader.EventBookmark","Error","Info",,"System.Collections.ObjectModel.ReadOnlyCollection`1[System.String]","System.Collections.Generic.List`1[System.Diagnostics.Eventing.Reader.EventProperty]"
"The server {B91D5831-B1BD-4608-8198-D72E155020F7} did not register with DCOM within the required timeout.","10010","0","0","2","0","0","-9187343239835811840","8638","Microsoft-Windows-DistributedCOM","1b562e86-b7aa-4131-badc-b6f3a001407e","System","868","548","ASCENDI-HTMOH1J","S-1-5-18","8/17/2025 11:22:25 AM","e10acbe3-0f39-0000-3929-0be1390fdc01",,"System","System.UInt32[]","System.Diagnostics.Eventing.Reader.EventBookmark","Error","Info",,"System.Collections.ObjectModel.ReadOnlyCollection`1[System.String]","System.Collections.Generic.List`1[System.Diagnostics.Eventing.Reader.EventProperty]"
"The system firmware returned an error Unspecified error when attempting to update a Secure Boot variable. For more information, please see https://go.microsoft.com/fwlink/?linkid=2169931","1795","0",,"2","0","0","-9223372036854775808","8633","Microsoft-Windows-TPM-WMI","7d5387b0-cbe0-11da-a94d-0800200c9a66","System","4224","5776","ASCENDI-HTMOH1J","S-1-5-18","8/17/2025 11:19:30 AM",,,"System","System.UInt32[]","System.Diagnostics.Eventing.Reader.EventBookmark","Error","Info",,"System.Collections.ObjectModel.ReadOnlyCollection`1[System.String]","System.Collections.Generic.List`1[System.Diagnostics.Eventing.Reader.EventProperty]"
"The Update Orchestrator Service service terminated with the following error: 
%%2149884192","7023","0","49152","2","0","0","-9187343239835811840","8630","Service Control Manager","555908d1-a6d7-4695-8e1e-26931d2012f4","System","912","996","ASCENDI-HTMOH1J",,"8/17/2025 11:18:48 AM",,,"System","System.UInt32[]","System.Diagnostics.Eventing.Reader.EventBookmark","Error",,,"System.Collections.ObjectModel.ReadOnlyCollection`1[System.String]","System.Collections.Generic.List`1[System.Diagnostics.Eventing.Reader.EventProperty]"
"The Update Orchestrator Service service terminated with the following error: 
%%2149884192","7023","0","49152","2","0","0","-9187343239835811840","8628","Service Control Manager","555908d1-a6d7-4695-8e1e-26931d2012f4","System","912","880","ASCENDI-HTMOH1J",,"8/17/2025 11:18:36 AM",,,"System","System.UInt32[]","System.Diagnostics.Eventing.Reader.EventBookmark","Error",,,"System.Collections.ObjectModel.ReadOnlyCollection`1[System.String]","System.Collections.Generic.List`1[System.Diagnostics.Eventing.Reader.EventProperty]"
"The SysMain service terminated with the following error: 
The authentication service is unknown.","7023","0","49152","2","0","0","-9187343239835811840","8519","Service Control Manager","555908d1-a6d7-4695-8e1e-26931d2012f4","System","888","972","ASCENDI-HTMOH1J",,"8/17/2025 11:14:22 AM",,,"System","System.UInt32[]","System.Diagnostics.Eventing.Reader.EventBookmark","Error",,,"System.Collections.ObjectModel.ReadOnlyCollection`1[System.String]","System.Collections.Generic.List`1[System.Diagnostics.Eventing.Reader.EventProperty]"
"The LanmanServer service failed to start due to the following error: 
The service did not start due to a logon failure.","7000","0","49152","2","0","0","-9187343239835811840","8510","Service Control Manager","555908d1-a6d7-4695-8e1e-26931d2012f4","System","888","2252","ASCENDI-HTMOH1J",,"8/17/2025 11:14:18 AM",,,"System","System.UInt32[]","System.Diagnostics.Eventing.Reader.EventBookmark","Error",,,"System.Collections.ObjectModel.ReadOnlyCollection`1[System.String]","System.Collections.Generic.List`1[System.Diagnostics.Eventing.Reader.EventProperty]"
"The LanmanServer service was unable to log on as NT AUTHORITY\SYSTEM with the currently configured password due to the following error: 
The request is not supported.

To ensure that the service is configured properly, use the Services snap-in in Microsoft Management Console (MMC).","7038","0","49152","2","0","0","-9187343239835811840","8509","Service Control Manager","555908d1-a6d7-4695-8e1e-26931d2012f4","System","888","2252","ASCENDI-HTMOH1J",,"8/17/2025 11:14:18 AM",,,"System","System.UInt32[]","System.Diagnostics.Eventing.Reader.EventBookmark","Error",,,"System.Collections.ObjectModel.ReadOnlyCollection`1[System.String]","System.Collections.Generic.List`1[System.Diagnostics.Eventing.Reader.EventProperty]"
"The wtd service depends on the BFE service which failed to start because of the following error: 
A system shutdown is in progress.","7001","0","49152","2","0","0","-9187343239835811840","8508","Service Control Manager","555908d1-a6d7-4695-8e1e-26931d2012f4","System","888","3776","ASCENDI-HTMOH1J",,"8/17/2025 11:14:18 AM",,,"System","System.UInt32[]","System.Diagnostics.Eventing.Reader.EventBookmark","Error",,,"System.Collections.ObjectModel.ReadOnlyCollection`1[System.String]","System.Collections.Generic.List`1[System.Diagnostics.Eventing.Reader.EventProperty]"
"The WSAIFabricSvc service failed to start due to the following error: 
The service did not start due to a logon failure.","7000","0","49152","2","0","0","-9187343239835811840","8507","Service Control Manager","555908d1-a6d7-4695-8e1e-26931d2012f4","System","888","3776","ASCENDI-HTMOH1J",,"8/17/2025 11:14:18 AM",,,"System","System.UInt32[]","System.Diagnostics.Eventing.Reader.EventBookmark","Error",,,"System.Collections.ObjectModel.ReadOnlyCollection`1[System.String]","System.Collections.Generic.List`1[System.Diagnostics.Eventing.Reader.EventProperty]"
"The WSAIFabricSvc service was unable to log on as NT AUTHORITY\LocalService with the currently configured password due to the following error: 
The request is not supported.

To ensure that the service is configured properly, use the Services snap-in in Microsoft Management Console (MMC).","7038","0","49152","2","0","0","-9187343239835811840","8506","Service Control Manager","555908d1-a6d7-4695-8e1e-26931d2012f4","System","888","3776","ASCENDI-HTMOH1J",,"8/17/2025 11:14:18 AM",,,"System","System.UInt32[]","System.Diagnostics.Eventing.Reader.EventBookmark","Error",,,"System.Collections.ObjectModel.ReadOnlyCollection`1[System.String]","System.Collections.Generic.List`1[System.Diagnostics.Eventing.Reader.EventProperty]"
"The WpnService service failed to start due to the following error: 
The service did not start due to a logon failure.","7000","0","49152","2","0","0","-9187343239835811840","8505","Service Control Manager","555908d1-a6d7-4695-8e1e-26931d2012f4","System","888","3776","ASCENDI-HTMOH1J",,"8/17/2025 11:14:18 AM",,,"System","System.UInt32[]","System.Diagnostics.Eventing.Reader.EventBookmark","Error",,,"System.Collections.ObjectModel.ReadOnlyCollection`1[System.String]","System.Collections.Generic.List`1[System.Diagnostics.Eventing.Reader.EventProperty]"
"The WpnService service was unable to log on as NT AUTHORITY\SYSTEM with the currently configured password due to the following error: 
The request is not supported.

To ensure that the service is configured properly, use the Services snap-in in Microsoft Management Console (MMC).","7038","0","49152","2","0","0","-9187343239835811840","8504","Service Control Manager","555908d1-a6d7-4695-8e1e-26931d2012f4","System","888","3776","ASCENDI-HTMOH1J",,"8/17/2025 11:14:18 AM",,,"System","System.UInt32[]","System.Diagnostics.Eventing.Reader.EventBookmark","Error",,,"System.Collections.ObjectModel.ReadOnlyCollection`1[System.String]","System.Collections.Generic.List`1[System.Diagnostics.Eventing.Reader.EventProperty]"
"The WLMS service failed to start due to the following error: 
The service did not start due to a logon failure.","7000","0","49152","2","0","0","-9187343239835811840","8503","Service Control Manager","555908d1-a6d7-4695-8e1e-26931d2012f4","System","888","3776","ASCENDI-HTMOH1J",,"8/17/2025 11:14:18 AM",,,"System","System.UInt32[]","System.Diagnostics.Eventing.Reader.EventBookmark","Error",,,"System.Collections.ObjectModel.ReadOnlyCollection`1[System.String]","System.Collections.Generic.List`1[System.Diagnostics.Eventing.Reader.EventProperty]"
"The WLMS service was unable to log on as NT AUTHORITY\SYSTEM with the currently configured password due to the following error: 
The request is not supported.

To ensure that the service is configured properly, use the Services snap-in in Microsoft Management Console (MMC).","7038","0","49152","2","0","0","-9187343239835811840","8502","Service Control Manager","555908d1-a6d7-4695-8e1e-26931d2012f4","System","888","3776","ASCENDI-HTMOH1J",,"8/17/2025 11:14:18 AM",,,"System","System.UInt32[]","System.Diagnostics.Eventing.Reader.EventBookmark","Error",,,"System.Collections.ObjectModel.ReadOnlyCollection`1[System.String]","System.Collections.Generic.List`1[System.Diagnostics.Eventing.Reader.EventProperty]"
"The Winmgmt service was unable to log on as NT AUTHORITY\SYSTEM with the currently configured password due to the following error: 
The request is not supported.

To ensure that the service is configured properly, use the Services snap-in in Microsoft Management Console (MMC).","7038","0","49152","2","0","0","-9187343239835811840","8501","Service Control Manager","555908d1-a6d7-4695-8e1e-26931d2012f4","System","888","3776","ASCENDI-HTMOH1J",,"8/17/2025 11:14:18 AM",,,"System","System.UInt32[]","System.Diagnostics.Eventing.Reader.EventBookmark","Error",,,"System.Collections.ObjectModel.ReadOnlyCollection`1[System.String]","System.Collections.Generic.List`1[System.Diagnostics.Eventing.Reader.EventProperty]"
"The WinDefend service failed to start due to the following error: 
The service did not start due to a logon failure.","7000","0","49152","2","0","0","-9187343239835811840","8500","Service Control Manager","555908d1-a6d7-4695-8e1e-26931d2012f4","System","888","3776","ASCENDI-HTMOH1J",,"8/17/2025 11:14:18 AM",,,"System","System.UInt32[]","System.Diagnostics.Eventing.Reader.EventBookmark","Error",,,"System.Collections.ObjectModel.ReadOnlyCollection`1[System.String]","System.Collections.Generic.List`1[System.Diagnostics.Eventing.Reader.EventProperty]"
"The WinDefend service was unable to log on as NT AUTHORITY\SYSTEM with the currently configured password due to the following error: 
The request is not supported.

To ensure that the service is configured properly, use the Services snap-in in Microsoft Management Console (MMC).","7038","0","49152","2","0","0","-9187343239835811840","8499","Service Control Manager","555908d1-a6d7-4695-8e1e-26931d2012f4","System","888","3776","ASCENDI-HTMOH1J",,"8/17/2025 11:14:18 AM",,,"System","System.UInt32[]","System.Diagnostics.Eventing.Reader.EventBookmark","Error",,,"System.Collections.ObjectModel.ReadOnlyCollection`1[System.String]","System.Collections.Generic.List`1[System.Diagnostics.Eventing.Reader.EventProperty]"
"The TrkWks service failed to start due to the following error: 
The service did not start due to a logon failure.","7000","0","49152","2","0","0","-9187343239835811840","8498","Service Control Manager","555908d1-a6d7-4695-8e1e-26931d2012f4","System","888","3776","ASCENDI-HTMOH1J",,"8/17/2025 11:14:18 AM",,,"System","System.UInt32[]","System.Diagnostics.Eventing.Reader.EventBookmark","Error",,,"System.Collections.ObjectModel.ReadOnlyCollection`1[System.String]","System.Collections.Generic.List`1[System.Diagnostics.Eventing.Reader.EventProperty]"
"The TrkWks service was unable to log on as NT AUTHORITY\SYSTEM with the currently configured password due to the following error: 
The request is not supported.

To ensure that the service is configured properly, use the Services snap-in in Microsoft Management Console (MMC).","7038","0","49152","2","0","0","-9187343239835811840","8497","Service Control Manager","555908d1-a6d7-4695-8e1e-26931d2012f4","System","888","3776","ASCENDI-HTMOH1J",,"8/17/2025 11:14:18 AM",,,"System","System.UInt32[]","System.Diagnostics.Eventing.Reader.EventBookmark","Error",,,"System.Collections.ObjectModel.ReadOnlyCollection`1[System.String]","System.Collections.Generic.List`1[System.Diagnostics.Eventing.Reader.EventProperty]"
"The iphlpsvc service failed to start due to the following error: 
The service did not start due to a logon failure.","7000","0","49152","2","0","0","-9187343239835811840","8496","Service Control Manager","555908d1-a6d7-4695-8e1e-26931d2012f4","System","888","1484","ASCENDI-HTMOH1J",,"8/17/2025 11:14:18 AM",,,"System","System.UInt32[]","System.Diagnostics.Eventing.Reader.EventBookmark","Error",,,"System.Collections.ObjectModel.ReadOnlyCollection`1[System.String]","System.Collections.Generic.List`1[System.Diagnostics.Eventing.Reader.EventProperty]"
"The iphlpsvc service was unable to log on as NT AUTHORITY\SYSTEM with the currently configured password due to the following error: 
The request is not supported.

To ensure that the service is configured properly, use the Services snap-in in Microsoft Management Console (MMC).","7038","0","49152","2","0","0","-9187343239835811840","8495","Service Control Manager","555908d1-a6d7-4695-8e1e-26931d2012f4","System","888","1484","ASCENDI-HTMOH1J",,"8/17/2025 11:14:18 AM",,,"System","System.UInt32[]","System.Diagnostics.Eventing.Reader.EventBookmark","Error",,,"System.Collections.ObjectModel.ReadOnlyCollection`1[System.String]","System.Collections.Generic.List`1[System.Diagnostics.Eventing.Reader.EventProperty]"
"The MySQL80 service failed to start due to the following error: 
The service did not start due to a logon failure.","7000","0","49152","2","0","0","-9187343239835811840","8494","Service Control Manager","555908d1-a6d7-4695-8e1e-26931d2012f4","System","888","928","ASCENDI-HTMOH1J",,"8/17/2025 11:14:18 AM",,,"System","System.UInt32[]","System.Diagnostics.Eventing.Reader.EventBookmark","Error",,,"System.Collections.ObjectModel.ReadOnlyCollection`1[System.String]","System.Collections.Generic.List`1[System.Diagnostics.Eventing.Reader.EventProperty]"
"The MySQL80 service was unable to log on as NT AUTHORITY\NetworkService with the currently configured password due to the following error: 
The request is not supported.

To ensure that the service is configured properly, use the Services snap-in in Microsoft Management Console (MMC).","7038","0","49152","2","0","0","-9187343239835811840","8493","Service Control Manager","555908d1-a6d7-4695-8e1e-26931d2012f4","System","888","928","ASCENDI-HTMOH1J",,"8/17/2025 11:14:18 AM",,,"System","System.UInt32[]","System.Diagnostics.Eventing.Reader.EventBookmark","Error",,,"System.Collections.ObjectModel.ReadOnlyCollection`1[System.String]","System.Collections.Generic.List`1[System.Diagnostics.Eventing.Reader.EventProperty]"
"The MDCoreSvc service failed to start due to the following error: 
The service did not start due to a logon failure.","7000","0","49152","2","0","0","-9187343239835811840","8492","Service Control Manager","555908d1-a6d7-4695-8e1e-26931d2012f4","System","888","928","ASCENDI-HTMOH1J",,"8/17/2025 11:14:18 AM",,,"System","System.UInt32[]","System.Diagnostics.Eventing.Reader.EventBookmark","Error",,,"System.Collections.ObjectModel.ReadOnlyCollection`1[System.String]","System.Collections.Generic.List`1[System.Diagnostics.Eventing.Reader.EventProperty]"
"The MDCoreSvc service was unable to log on as NT AUTHORITY\SYSTEM with the currently configured password due to the following error: 
The request is not supported.

To ensure that the service is configured properly, use the Services snap-in in Microsoft Management Console (MMC).","7038","0","49152","2","0","0","-9187343239835811840","8491","Service Control Manager","555908d1-a6d7-4695-8e1e-26931d2012f4","System","888","928","ASCENDI-HTMOH1J",,"8/17/2025 11:14:18 AM",,,"System","System.UInt32[]","System.Diagnostics.Eventing.Reader.EventBookmark","Error",,,"System.Collections.ObjectModel.ReadOnlyCollection`1[System.String]","System.Collections.Generic.List`1[System.Diagnostics.Eventing.Reader.EventProperty]"
"The MariaDB service failed to start due to the following error: 
The service did not start due to a logon failure.","7000","0","49152","2","0","0","-9187343239835811840","8490","Service Control Manager","555908d1-a6d7-4695-8e1e-26931d2012f4","System","888","928","ASCENDI-HTMOH1J",,"8/17/2025 11:14:18 AM",,,"System","System.UInt32[]","System.Diagnostics.Eventing.Reader.EventBookmark","Error",,,"System.Collections.ObjectModel.ReadOnlyCollection`1[System.String]","System.Collections.Generic.List`1[System.Diagnostics.Eventing.Reader.EventProperty]"
"The MariaDB service was unable to log on as NT SERVICE\MariaDB with the currently configured password due to the following error: 
The request is not supported.

To ensure that the service is configured properly, use the Services snap-in in Microsoft Management Console (MMC).","7038","0","49152","2","0","0","-9187343239835811840","8489","Service Control Manager","555908d1-a6d7-4695-8e1e-26931d2012f4","System","888","928","ASCENDI-HTMOH1J",,"8/17/2025 11:14:18 AM",,,"System","System.UInt32[]","System.Diagnostics.Eventing.Reader.EventBookmark","Error",,,"System.Collections.ObjectModel.ReadOnlyCollection`1[System.String]","System.Collections.Generic.List`1[System.Diagnostics.Eventing.Reader.EventProperty]"
"The DPS service failed to start due to the following error: 
The service did not start due to a logon failure.","7000","0","49152","2","0","0","-9187343239835811840","8488","Service Control Manager","555908d1-a6d7-4695-8e1e-26931d2012f4","System","888","1484","ASCENDI-HTMOH1J",,"8/17/2025 11:14:18 AM",,,"System","System.UInt32[]","System.Diagnostics.Eventing.Reader.EventBookmark","Error",,,"System.Collections.ObjectModel.ReadOnlyCollection`1[System.String]","System.Collections.Generic.List`1[System.Diagnostics.Eventing.Reader.EventProperty]"
"The DPS service was unable to log on as NT AUTHORITY\LocalService with the currently configured password due to the following error: 
The request is not supported.

To ensure that the service is configured properly, use the Services snap-in in Microsoft Management Console (MMC).","7038","0","49152","2","0","0","-9187343239835811840","8487","Service Control Manager","555908d1-a6d7-4695-8e1e-26931d2012f4","System","888","1484","ASCENDI-HTMOH1J",,"8/17/2025 11:14:18 AM",,,"System","System.UInt32[]","System.Diagnostics.Eventing.Reader.EventBookmark","Error",,,"System.Collections.ObjectModel.ReadOnlyCollection`1[System.String]","System.Collections.Generic.List`1[System.Diagnostics.Eventing.Reader.EventProperty]"
"The DiagTrack service failed to start due to the following error: 
The service did not start due to a logon failure.","7000","0","49152","2","0","0","-9187343239835811840","8486","Service Control Manager","555908d1-a6d7-4695-8e1e-26931d2012f4","System","888","1484","ASCENDI-HTMOH1J",,"8/17/2025 11:14:18 AM",,,"System","System.UInt32[]","System.Diagnostics.Eventing.Reader.EventBookmark","Error",,,"System.Collections.ObjectModel.ReadOnlyCollection`1[System.String]","System.Collections.Generic.List`1[System.Diagnostics.Eventing.Reader.EventProperty]"
"The DiagTrack service was unable to log on as NT AUTHORITY\SYSTEM with the currently configured password due to the following error: 
The request is not supported.

To ensure that the service is configured properly, use the Services snap-in in Microsoft Management Console (MMC).","7038","0","49152","2","0","0","-9187343239835811840","8485","Service Control Manager","555908d1-a6d7-4695-8e1e-26931d2012f4","System","888","1484","ASCENDI-HTMOH1J",,"8/17/2025 11:14:18 AM",,,"System","System.UInt32[]","System.Diagnostics.Eventing.Reader.EventBookmark","Error",,,"System.Collections.ObjectModel.ReadOnlyCollection`1[System.String]","System.Collections.Generic.List`1[System.Diagnostics.Eventing.Reader.EventProperty]"
"The mpssvc service depends on the BFE service which failed to start because of the following error: 
A system shutdown is in progress.","7001","0","49152","2","0","0","-9187343239835811840","8484","Service Control Manager","555908d1-a6d7-4695-8e1e-26931d2012f4","System","888","2252","ASCENDI-HTMOH1J",,"8/17/2025 11:14:18 AM",,,"System","System.UInt32[]","System.Diagnostics.Eventing.Reader.EventBookmark","Error",,,"System.Collections.ObjectModel.ReadOnlyCollection`1[System.String]","System.Collections.Generic.List`1[System.Diagnostics.Eventing.Reader.EventProperty]"
"The BFE service terminated with the following error: 
A system shutdown is in progress.","7023","0","49152","2","0","0","-9187343239835811840","8483","Service Control Manager","555908d1-a6d7-4695-8e1e-26931d2012f4","System","888","972","ASCENDI-HTMOH1J",,"8/17/2025 11:14:18 AM",,,"System","System.UInt32[]","System.Diagnostics.Eventing.Reader.EventBookmark","Error",,,"System.Collections.ObjectModel.ReadOnlyCollection`1[System.String]","System.Collections.Generic.List`1[System.Diagnostics.Eventing.Reader.EventProperty]"
"The previous system shutdown at 3:58:27 PM on ?8/?14/?2025 was unexpected.","6008","0","32768","2","0","0","36028797018963968","8394","EventLog",,"System","2132","2240","ASCENDI-HTMOH1J",,"8/17/2025 11:14:12 AM",,,"System","System.UInt32[]","System.Diagnostics.Eventing.Reader.EventBookmark","Error",,"None","System.Collections.ObjectModel.ReadOnlyCollection`1[System.String]","System.Collections.Generic.List`1[System.Diagnostics.Eventing.Reader.EventProperty]"
"The system firmware returned an error Unspecified error when attempting to update a Secure Boot variable. For more information, please see https://go.microsoft.com/fwlink/?linkid=2169931","1795","0",,"2","0","0","-9223372036854775808","8299","Microsoft-Windows-TPM-WMI","7d5387b0-cbe0-11da-a94d-0800200c9a66","System","3144","10020","ASCENDI-HTMOH1J","S-1-5-18","8/14/2025 9:28:00 AM",,,"System","System.UInt32[]","System.Diagnostics.Eventing.Reader.EventBookmark","Error","Info",,"System.Collections.ObjectModel.ReadOnlyCollection`1[System.String]","System.Collections.Generic.List`1[System.Diagnostics.Eventing.Reader.EventProperty]"
"Config Read Failed

Config:	18
Error:	More data is available.","2042","0",,"2","0","0","144115188075855872","8292","Microsoft-Windows-Windows Firewall With Advanced Security","d1bc9aff-2abf-4d71-9146-ecb2a986eb85","System","2924","2436","ASCENDI-HTMOH1J","S-1-5-19","8/14/2025 8:55:59 AM",,,"System","System.UInt32[]","System.Diagnostics.Eventing.Reader.EventBookmark","Error","Info",,"System.Collections.ObjectModel.ReadOnlyCollection`1[System.String]","System.Collections.Generic.List`1[System.Diagnostics.Eventing.Reader.EventProperty]"
"The previous system shutdown at 2:44:40 PM on ?8/?13/?2025 was unexpected.","6008","0","32768","2","0","0","36028797018963968","8217","EventLog",,"System","1928","2032","ASCENDI-HTMOH1J",,"8/14/2025 8:55:35 AM",,,"System","System.UInt32[]","System.Diagnostics.Eventing.Reader.EventBookmark","Error",,"None","System.Collections.ObjectModel.ReadOnlyCollection`1[System.String]","System.Collections.Generic.List`1[System.Diagnostics.Eventing.Reader.EventProperty]"
"The server MicrosoftWindows.Client.CBS_1000.26100.128.0_x64__cw5n1h2txyewy!Global.RulesEngine.AppX5z5kfs8055rf6ttb3wq8ztd1bbgncvdy.mca did not register with DCOM within the required timeout.","10010","0","0","2","0","0","-9187343239835811840","8205","Microsoft-Windows-DistributedCOM","1b562e86-b7aa-4131-badc-b6f3a001407e","System","480","7300","ASCENDI-HTMOH1J","S-1-5-21-1649049209-2824995486-182282566-1000","8/13/2025 2:45:46 PM","c7de2431-0c08-0000-dc37-e2c7080cdc01",,"System","System.UInt32[]","System.Diagnostics.Eventing.Reader.EventBookmark","Error","Info",,"System.Collections.ObjectModel.ReadOnlyCollection`1[System.String]","System.Collections.Generic.List`1[System.Diagnostics.Eventing.Reader.EventProperty]"
"The server Microsoft.YourPhone_1.25071.54.0_x64__8wekyb3d8bbwe!App.AppXn958k7nsj8mxxmsepqdam8xk948t30sc.mca did not register with DCOM within the required timeout.","10010","0","0","2","0","0","-9187343239835811840","8202","Microsoft-Windows-DistributedCOM","1b562e86-b7aa-4131-badc-b6f3a001407e","System","480","6404","ASCENDI-HTMOH1J","S-1-5-21-1649049209-2824995486-182282566-1000","8/13/2025 1:20:57 PM","c7de2431-0c08-0001-5a2d-dec7080cdc01",,"System","System.UInt32[]","System.Diagnostics.Eventing.Reader.EventBookmark","Error","Info",,"System.Collections.ObjectModel.ReadOnlyCollection`1[System.String]","System.Collections.Generic.List`1[System.Diagnostics.Eventing.Reader.EventProperty]"
"The system firmware returned an error Unspecified error when attempting to update a Secure Boot variable. For more information, please see https://go.microsoft.com/fwlink/?linkid=2169931","1795","0",,"2","0","0","-9223372036854775808","8192","Microsoft-Windows-TPM-WMI","7d5387b0-cbe0-11da-a94d-0800200c9a66","System","2592","2528","ASCENDI-HTMOH1J","S-1-5-18","8/13/2025 9:50:47 AM",,,"System","System.UInt32[]","System.Diagnostics.Eventing.Reader.EventBookmark","Error","Info",,"System.Collections.ObjectModel.ReadOnlyCollection`1[System.String]","System.Collections.Generic.List`1[System.Diagnostics.Eventing.Reader.EventProperty]"
"Config Read Failed

Config:	18
Error:	More data is available.","2042","0",,"2","0","0","144115188075855872","8178","Microsoft-Windows-Windows Firewall With Advanced Security","d1bc9aff-2abf-4d71-9146-ecb2a986eb85","System","3000","3092","ASCENDI-HTMOH1J","S-1-5-19","8/13/2025 9:45:26 AM",,,"System","System.UInt32[]","System.Diagnostics.Eventing.Reader.EventBookmark","Error","Info",,"System.Collections.ObjectModel.ReadOnlyCollection`1[System.String]","System.Collections.Generic.List`1[System.Diagnostics.Eventing.Reader.EventProperty]"
"The previous system shutdown at 7:43:55 AM on ?8/?13/?2025 was unexpected.","6008","0","32768","2","0","0","36028797018963968","8101","EventLog",,"System","2000","1568","ASCENDI-HTMOH1J",,"8/13/2025 9:45:06 AM",,,"System","System.UInt32[]","System.Diagnostics.Eventing.Reader.EventBookmark","Error",,"None","System.Collections.ObjectModel.ReadOnlyCollection`1[System.String]","System.Collections.Generic.List`1[System.Diagnostics.Eventing.Reader.EventProperty]"
"The previous system shutdown at 4:47:12 PM on ?8/?12/?2025 was unexpected.","6008","0","32768","2","0","0","36028797018963968","8024","EventLog",,"System","1264","2052","ASCENDI-HTMOH1J",,"8/13/2025 7:43:54 AM",,,"System","System.UInt32[]","System.Diagnostics.Eventing.Reader.EventBookmark","Error",,"None","System.Collections.ObjectModel.ReadOnlyCollection`1[System.String]","System.Collections.Generic.List`1[System.Diagnostics.Eventing.Reader.EventProperty]"
"The certificate received from the remote server was issued by an untrusted certificate authority. Because of this, none of the data contained in the certificate can be validated. The TLS connection request has failed. The attached data contains the server certificate.
 The SSPI client process is svchost[WpnService] (PID: 3260).","36882","0",,"2","0","0","-9223372036854775808","8008","Schannel","1f678132-5938-4686-9fdc-c8ff68f15c85","System","920","14812","ASCENDI-HTMOH1J","S-1-5-18","8/12/2025 2:59:28 PM","a8ebdea5-0b3d-0000-04e0-eba83d0bdc01",,"System","System.UInt32[]","System.Diagnostics.Eventing.Reader.EventBookmark","Error","Info",,"System.Collections.ObjectModel.ReadOnlyCollection`1[System.String]","System.Collections.Generic.List`1[System.Diagnostics.Eventing.Reader.EventProperty]"
"The certificate received from the remote server was issued by an untrusted certificate authority. Because of this, none of the data contained in the certificate can be validated. The TLS connection request has failed. The attached data contains the server certificate.
 The SSPI client process is svchost[WpnService] (PID: 3260).","36882","0",,"2","0","0","-9223372036854775808","8007","Schannel","1f678132-5938-4686-9fdc-c8ff68f15c85","System","920","14812","ASCENDI-HTMOH1J","S-1-5-18","8/12/2025 2:59:27 PM","a8ebdea5-0b3d-0000-04e0-eba83d0bdc01",,"System","System.UInt32[]","System.Diagnostics.Eventing.Reader.EventBookmark","Error","Info",,"System.Collections.ObjectModel.ReadOnlyCollection`1[System.String]","System.Collections.Generic.List`1[System.Diagnostics.Eventing.Reader.EventProperty]"
"The system firmware returned an error Unspecified error when attempting to update a Secure Boot variable. For more information, please see https://go.microsoft.com/fwlink/?linkid=2169931","1795","0",,"2","0","0","-9223372036854775808","7941","Microsoft-Windows-TPM-WMI","7d5387b0-cbe0-11da-a94d-0800200c9a66","System","7400","6060","ASCENDI-HTMOH1J","S-1-5-18","8/12/2025 9:38:14 AM",,,"System","System.UInt32[]","System.Diagnostics.Eventing.Reader.EventBookmark","Error","Info",,"System.Collections.ObjectModel.ReadOnlyCollection`1[System.String]","System.Collections.Generic.List`1[System.Diagnostics.Eventing.Reader.EventProperty]"
"Config Read Failed

Config:	18
Error:	More data is available.","2042","0",,"2","0","0","144115188075855872","7932","Microsoft-Windows-Windows Firewall With Advanced Security","d1bc9aff-2abf-4d71-9146-ecb2a986eb85","System","2972","3084","ASCENDI-HTMOH1J","S-1-5-19","8/12/2025 9:32:22 AM",,,"System","System.UInt32[]","System.Diagnostics.Eventing.Reader.EventBookmark","Error","Info",,"System.Collections.ObjectModel.ReadOnlyCollection`1[System.String]","System.Collections.Generic.List`1[System.Diagnostics.Eventing.Reader.EventProperty]"
"The previous system shutdown at 10:08:25 PM on ?8/?11/?2025 was unexpected.","6008","0","32768","2","0","0","36028797018963968","7858","EventLog",,"System","1980","2044","ASCENDI-HTMOH1J",,"8/12/2025 9:32:13 AM",,,"System","System.UInt32[]","System.Diagnostics.Eventing.Reader.EventBookmark","Error",,"None","System.Collections.ObjectModel.ReadOnlyCollection`1[System.String]","System.Collections.Generic.List`1[System.Diagnostics.Eventing.Reader.EventProperty]"
"DCOM got error ""1053"" attempting to start the service WaaSMedicSvc with arguments ""Unavailable"" in order to run the server:
{72566E27-1ABB-4EB3-B4F0-EB431CB1CB32}","10005","0","0","2","0","0","-9187343239835811840","7840","Microsoft-Windows-DistributedCOM","1b562e86-b7aa-4131-badc-b6f3a001407e","System","532","9732","ASCENDI-HTMOH1J","S-1-5-18","8/11/2025 9:30:41 PM","cf1c2aa8-0ace-0001-799a-1dcfce0adc01",,"System","System.UInt32[]","System.Diagnostics.Eventing.Reader.EventBookmark","Error","Info",,"System.Collections.ObjectModel.ReadOnlyCollection`1[System.String]","System.Collections.Generic.List`1[System.Diagnostics.Eventing.Reader.EventProperty]"
"The WaaSMedicSvc service failed to start due to the following error: 
The service did not respond to the start or control request in a timely fashion.","7000","0","49152","2","0","0","-9187343239835811840","7839","Service Control Manager","555908d1-a6d7-4695-8e1e-26931d2012f4","System","900","1624","ASCENDI-HTMOH1J",,"8/11/2025 9:30:40 PM",,,"System","System.UInt32[]","System.Diagnostics.Eventing.Reader.EventBookmark","Error",,,"System.Collections.ObjectModel.ReadOnlyCollection`1[System.String]","System.Collections.Generic.List`1[System.Diagnostics.Eventing.Reader.EventProperty]"
"A timeout was reached (30000 milliseconds) while waiting for the WaaSMedicSvc service to connect.","7009","0","49152","2","0","0","-9187343239835811840","7838","Service Control Manager","555908d1-a6d7-4695-8e1e-26931d2012f4","System","900","1624","ASCENDI-HTMOH1J",,"8/11/2025 9:30:40 PM",,,"System","System.UInt32[]","System.Diagnostics.Eventing.Reader.EventBookmark","Error",,,"System.Collections.ObjectModel.ReadOnlyCollection`1[System.String]","System.Collections.Generic.List`1[System.Diagnostics.Eventing.Reader.EventProperty]"
"The system firmware returned an error Unspecified error when attempting to update a Secure Boot variable. For more information, please see https://go.microsoft.com/fwlink/?linkid=2169931","1795","0",,"2","0","0","-9223372036854775808","7825","Microsoft-Windows-TPM-WMI","7d5387b0-cbe0-11da-a94d-0800200c9a66","System","8876","10744","ASCENDI-HTMOH1J","S-1-5-18","8/11/2025 8:29:21 PM",,,"System","System.UInt32[]","System.Diagnostics.Eventing.Reader.EventBookmark","Error","Info",,"System.Collections.ObjectModel.ReadOnlyCollection`1[System.String]","System.Collections.Generic.List`1[System.Diagnostics.Eventing.Reader.EventProperty]"
"Config Read Failed

Config:	18
Error:	More data is available.","2042","0",,"2","0","0","144115188075855872","7814","Microsoft-Windows-Windows Firewall With Advanced Security","d1bc9aff-2abf-4d71-9146-ecb2a986eb85","System","2968","3088","ASCENDI-HTMOH1J","S-1-5-19","8/11/2025 8:18:21 PM",,,"System","System.UInt32[]","System.Diagnostics.Eventing.Reader.EventBookmark","Error","Info",,"System.Collections.ObjectModel.ReadOnlyCollection`1[System.String]","System.Collections.Generic.List`1[System.Diagnostics.Eventing.Reader.EventProperty]"
"The previous system shutdown at 4:43:25 PM on ?8/?11/?2025 was unexpected.","6008","0","32768","2","0","0","36028797018963968","7736","EventLog",,"System","2024","1540","ASCENDI-HTMOH1J",,"8/11/2025 8:18:10 PM",,,"System","System.UInt32[]","System.Diagnostics.Eventing.Reader.EventBookmark","Error",,"None","System.Collections.ObjectModel.ReadOnlyCollection`1[System.String]","System.Collections.Generic.List`1[System.Diagnostics.Eventing.Reader.EventProperty]"
"The system firmware returned an error Unspecified error when attempting to update a Secure Boot variable. For more information, please see https://go.microsoft.com/fwlink/?linkid=2169931","1795","0",,"2","0","0","-9223372036854775808","7685","Microsoft-Windows-TPM-WMI","7d5387b0-cbe0-11da-a94d-0800200c9a66","System","9860","8936","ASCENDI-HTMOH1J","S-1-5-18","8/11/2025 9:40:25 AM",,,"System","System.UInt32[]","System.Diagnostics.Eventing.Reader.EventBookmark","Error","Info",,"System.Collections.ObjectModel.ReadOnlyCollection`1[System.String]","System.Collections.Generic.List`1[System.Diagnostics.Eventing.Reader.EventProperty]"
"Config Read Failed

Config:	18
Error:	More data is available.","2042","0",,"2","0","0","144115188075855872","7675","Microsoft-Windows-Windows Firewall With Advanced Security","d1bc9aff-2abf-4d71-9146-ecb2a986eb85","System","3064","3156","ASCENDI-HTMOH1J","S-1-5-19","8/11/2025 9:35:35 AM",,,"System","System.UInt32[]","System.Diagnostics.Eventing.Reader.EventBookmark","Error","Info",,"System.Collections.ObjectModel.ReadOnlyCollection`1[System.String]","System.Collections.Generic.List`1[System.Diagnostics.Eventing.Reader.EventProperty]"
"The previous system shutdown at 11:31:26 PM on ?8/?9/?2025 was unexpected.","6008","0","32768","2","0","0","36028797018963968","7600","EventLog",,"System","2044","1744","ASCENDI-HTMOH1J",,"8/11/2025 9:35:26 AM",,,"System","System.UInt32[]","System.Diagnostics.Eventing.Reader.EventBookmark","Error",,"None","System.Collections.ObjectModel.ReadOnlyCollection`1[System.String]","System.Collections.Generic.List`1[System.Diagnostics.Eventing.Reader.EventProperty]"
"Installation Failure: Windows failed to install the following update with error 0x80073D02: 9MSSGKG348SP-MicrosoftWindows.Client.WebExperience.","20","1",,"2","1","13","-9223372036854775768","7599","Microsoft-Windows-WindowsUpdateClient","945a8954-c147-4acd-923f-40c45405a658","System","7492","5192","ASCENDI-HTMOH1J","S-1-5-18","8/9/2025 11:33:44 PM","0907d43e-0954-0001-cc25-0a095409dc01",,"System","System.UInt32[]","System.Diagnostics.Eventing.Reader.EventBookmark","Error","Installation","Windows Update Agent","System.Collections.ObjectModel.ReadOnlyCollection`1[System.String]","System.Collections.Generic.List`1[System.Diagnostics.Eventing.Reader.EventProperty]"
"The system firmware returned an error Unspecified error when attempting to update a Secure Boot variable. For more information, please see https://go.microsoft.com/fwlink/?linkid=2169931","1795","0",,"2","0","0","-9223372036854775808","7586","Microsoft-Windows-TPM-WMI","7d5387b0-cbe0-11da-a94d-0800200c9a66","System","7936","10304","ASCENDI-HTMOH1J","S-1-5-18","8/9/2025 11:21:37 PM",,,"System","System.UInt32[]","System.Diagnostics.Eventing.Reader.EventBookmark","Error","Info",,"System.Collections.ObjectModel.ReadOnlyCollection`1[System.String]","System.Collections.Generic.List`1[System.Diagnostics.Eventing.Reader.EventProperty]"
"Config Read Failed

Config:	18
Error:	More data is available.","2042","0",,"2","0","0","144115188075855872","7577","Microsoft-Windows-Windows Firewall With Advanced Security","d1bc9aff-2abf-4d71-9146-ecb2a986eb85","System","1764","3156","ASCENDI-HTMOH1J","S-1-5-19","8/9/2025 11:06:39 PM",,,"System","System.UInt32[]","System.Diagnostics.Eventing.Reader.EventBookmark","Error","Info",,"System.Collections.ObjectModel.ReadOnlyCollection`1[System.String]","System.Collections.Generic.List`1[System.Diagnostics.Eventing.Reader.EventProperty]"
"The previous system shutdown at 12:19:32 AM on ?8/?9/?2025 was unexpected.","6008","0","32768","2","0","0","36028797018963968","7510","EventLog",,"System","2036","1896","ASCENDI-HTMOH1J",,"8/9/2025 11:06:26 PM",,,"System","System.UInt32[]","System.Diagnostics.Eventing.Reader.EventBookmark","Error",,"None","System.Collections.ObjectModel.ReadOnlyCollection`1[System.String]","System.Collections.Generic.List`1[System.Diagnostics.Eventing.Reader.EventProperty]"
"Config Read Failed

Config:	18
Error:	More data is available.","2042","0",,"2","0","0","144115188075855872","7481","Microsoft-Windows-Windows Firewall With Advanced Security","d1bc9aff-2abf-4d71-9146-ecb2a986eb85","System","2932","2992","ASCENDI-HTMOH1J","S-1-5-19","8/8/2025 11:04:58 PM",,,"System","System.UInt32[]","System.Diagnostics.Eventing.Reader.EventBookmark","Error","Info",,"System.Collections.ObjectModel.ReadOnlyCollection`1[System.String]","System.Collections.Generic.List`1[System.Diagnostics.Eventing.Reader.EventProperty]"
"The previous system shutdown at 4:08:29 PM on ?8/?8/?2025 was unexpected.","6008","0","32768","2","0","0","36028797018963968","7405","EventLog",,"System","2004","1404","ASCENDI-HTMOH1J",,"8/8/2025 11:04:37 PM",,,"System","System.UInt32[]","System.Diagnostics.Eventing.Reader.EventBookmark","Error",,"None","System.Collections.ObjectModel.ReadOnlyCollection`1[System.String]","System.Collections.Generic.List`1[System.Diagnostics.Eventing.Reader.EventProperty]"
"The Software Protection service failed to start due to the following error: 
The service did not respond to the start or control request in a timely fashion.","7000","0","49152","2","0","0","-9187343239835811840","7383","Service Control Manager","555908d1-a6d7-4695-8e1e-26931d2012f4","System","896","1100","ASCENDI-HTMOH1J",,"8/8/2025 1:38:47 PM",,,"System","System.UInt32[]","System.Diagnostics.Eventing.Reader.EventBookmark","Error",,,"System.Collections.ObjectModel.ReadOnlyCollection`1[System.String]","System.Collections.Generic.List`1[System.Diagnostics.Eventing.Reader.EventProperty]"
"A timeout (30000 milliseconds) was reached while waiting for a transaction response from the sppsvc service.","7011","0","49152","2","0","0","-9187343239835811840","7382","Service Control Manager","555908d1-a6d7-4695-8e1e-26931d2012f4","System","896","1100","ASCENDI-HTMOH1J",,"8/8/2025 1:38:47 PM",,,"System","System.UInt32[]","System.Diagnostics.Eventing.Reader.EventBookmark","Error",,,"System.Collections.ObjectModel.ReadOnlyCollection`1[System.String]","System.Collections.Generic.List`1[System.Diagnostics.Eventing.Reader.EventProperty]"
"Installation Failure: Windows failed to install the following update with error 0x80073D02: 9NMPJ99VJBWV-Microsoft.YourPhone.","20","1",,"2","1","13","-9223372036854775768","7363","Microsoft-Windows-WindowsUpdateClient","945a8954-c147-4acd-923f-40c45405a658","System","2508","3624","ASCENDI-HTMOH1J","S-1-5-18","8/8/2025 11:39:44 AM","742492a7-0817-0001-a1c8-27741708dc01",,"System","System.UInt32[]","System.Diagnostics.Eventing.Reader.EventBookmark","Error","Installation","Windows Update Agent","System.Collections.ObjectModel.ReadOnlyCollection`1[System.String]","System.Collections.Generic.List`1[System.Diagnostics.Eventing.Reader.EventProperty]"
"The system firmware returned an error Unspecified error when attempting to update a Secure Boot variable. For more information, please see https://go.microsoft.com/fwlink/?linkid=2169931","1795","0",,"2","0","0","-9223372036854775808","7333","Microsoft-Windows-TPM-WMI","7d5387b0-cbe0-11da-a94d-0800200c9a66","System","4288","1632","ASCENDI-HTMOH1J","S-1-5-18","8/8/2025 9:25:11 AM",,,"System","System.UInt32[]","System.Diagnostics.Eventing.Reader.EventBookmark","Error","Info",,"System.Collections.ObjectModel.ReadOnlyCollection`1[System.String]","System.Collections.Generic.List`1[System.Diagnostics.Eventing.Reader.EventProperty]"
"Config Read Failed

Config:	18
Error:	More data is available.","2042","0",,"2","0","0","144115188075855872","7317","Microsoft-Windows-Windows Firewall With Advanced Security","d1bc9aff-2abf-4d71-9146-ecb2a986eb85","System","2912","2080","ASCENDI-HTMOH1J","S-1-5-19","8/8/2025 9:20:07 AM",,,"System","System.UInt32[]","System.Diagnostics.Eventing.Reader.EventBookmark","Error","Info",,"System.Collections.ObjectModel.ReadOnlyCollection`1[System.String]","System.Collections.Generic.List`1[System.Diagnostics.Eventing.Reader.EventProperty]"
"The previous system shutdown at 11:32:17 PM on ?8/?7/?2025 was unexpected.","6008","0","32768","2","0","0","36028797018963968","7230","EventLog",,"System","1984","1076","ASCENDI-HTMOH1J",,"8/8/2025 9:20:03 AM",,,"System","System.UInt32[]","System.Diagnostics.Eventing.Reader.EventBookmark","Error",,"None","System.Collections.ObjectModel.ReadOnlyCollection`1[System.String]","System.Collections.Generic.List`1[System.Diagnostics.Eventing.Reader.EventProperty]"
"The server {8CFC164F-4BE5-4FDD-94E9-E2AF73ED4A19} did not register with DCOM within the required timeout.","10010","0","0","2","0","0","-9187343239835811840","7214","Microsoft-Windows-DistributedCOM","1b562e86-b7aa-4131-badc-b6f3a001407e","System","856","7268","ASCENDI-HTMOH1J","S-1-5-21-1649049209-2824995486-182282566-1000","8/7/2025 11:04:09 PM","bb0d458b-07a1-0000-dc31-11bba107dc01",,"System","System.UInt32[]","System.Diagnostics.Eventing.Reader.EventBookmark","Error","Info",,"System.Collections.ObjectModel.ReadOnlyCollection`1[System.String]","System.Collections.Generic.List`1[System.Diagnostics.Eventing.Reader.EventProperty]"
"The system firmware returned an error Unspecified error when attempting to update a Secure Boot variable. For more information, please see https://go.microsoft.com/fwlink/?linkid=2169931","1795","0",,"2","0","0","-9223372036854775808","7191","Microsoft-Windows-TPM-WMI","7d5387b0-cbe0-11da-a94d-0800200c9a66","System","8072","6124","ASCENDI-HTMOH1J","S-1-5-18","8/7/2025 7:22:58 PM",,,"System","System.UInt32[]","System.Diagnostics.Eventing.Reader.EventBookmark","Error","Info",,"System.Collections.ObjectModel.ReadOnlyCollection`1[System.String]","System.Collections.Generic.List`1[System.Diagnostics.Eventing.Reader.EventProperty]"
"Config Read Failed

Config:	18
Error:	More data is available.","2042","0",,"2","0","0","144115188075855872","7179","Microsoft-Windows-Windows Firewall With Advanced Security","d1bc9aff-2abf-4d71-9146-ecb2a986eb85","System","3012","3132","ASCENDI-HTMOH1J","S-1-5-19","8/7/2025 7:18:20 PM",,,"System","System.UInt32[]","System.Diagnostics.Eventing.Reader.EventBookmark","Error","Info",,"System.Collections.ObjectModel.ReadOnlyCollection`1[System.String]","System.Collections.Generic.List`1[System.Diagnostics.Eventing.Reader.EventProperty]"
"The previous system shutdown at 4:55:21 PM on ?8/?7/?2025 was unexpected.","6008","0","32768","2","0","0","36028797018963968","7103","EventLog",,"System","2032","1356","ASCENDI-HTMOH1J",,"8/7/2025 7:17:54 PM",,,"System","System.UInt32[]","System.Diagnostics.Eventing.Reader.EventBookmark","Error",,"None","System.Collections.ObjectModel.ReadOnlyCollection`1[System.String]","System.Collections.Generic.List`1[System.Diagnostics.Eventing.Reader.EventProperty]"
"A timeout (30000 milliseconds) was reached while waiting for a transaction response from the Spooler service.","7011","0","49152","2","0","0","-9187343239835811840","7098","Service Control Manager","555908d1-a6d7-4695-8e1e-26931d2012f4","System","884","10304","ASCENDI-HTMOH1J",,"8/7/2025 4:10:29 PM",,,"System","System.UInt32[]","System.Diagnostics.Eventing.Reader.EventBookmark","Error",,,"System.Collections.ObjectModel.ReadOnlyCollection`1[System.String]","System.Collections.Generic.List`1[System.Diagnostics.Eventing.Reader.EventProperty]"
"The server Microsoft.Windows.ContentDeliveryManager_10.0.26100.1_neutral_neutral_cw5n1h2txyewy!App.AppXx4zfy1ffv3wctgdz2vypnybzjkh27jhw.mca did not register with DCOM within the required timeout.","10010","0","0","2","0","0","-9187343239835811840","7080","Microsoft-Windows-DistributedCOM","1b562e86-b7aa-4131-badc-b6f3a001407e","System","832","9524","ASCENDI-HTMOH1J","S-1-5-21-1649049209-2824995486-182282566-1000","8/7/2025 2:05:52 PM","ca84c84b-074f-0001-9e48-89ca4f07dc01",,"System","System.UInt32[]","System.Diagnostics.Eventing.Reader.EventBookmark","Error","Info",,"System.Collections.ObjectModel.ReadOnlyCollection`1[System.String]","System.Collections.Generic.List`1[System.Diagnostics.Eventing.Reader.EventProperty]"
"The system firmware returned an error Unspecified error when attempting to update a Secure Boot variable. For more information, please see https://go.microsoft.com/fwlink/?linkid=2169931","1795","0",,"2","0","0","-9223372036854775808","7013","Microsoft-Windows-TPM-WMI","7d5387b0-cbe0-11da-a94d-0800200c9a66","System","6600","9516","ASCENDI-HTMOH1J","S-1-5-18","8/7/2025 9:35:53 AM",,,"System","System.UInt32[]","System.Diagnostics.Eventing.Reader.EventBookmark","Error","Info",,"System.Collections.ObjectModel.ReadOnlyCollection`1[System.String]","System.Collections.Generic.List`1[System.Diagnostics.Eventing.Reader.EventProperty]"
"Config Read Failed

Config:	18
Error:	More data is available.","2042","0",,"2","0","0","144115188075855872","6986","Microsoft-Windows-Windows Firewall With Advanced Security","d1bc9aff-2abf-4d71-9146-ecb2a986eb85","System","3036","1584","ASCENDI-HTMOH1J","S-1-5-19","8/7/2025 9:30:38 AM",,,"System","System.UInt32[]","System.Diagnostics.Eventing.Reader.EventBookmark","Error","Info",,"System.Collections.ObjectModel.ReadOnlyCollection`1[System.String]","System.Collections.Generic.List`1[System.Diagnostics.Eventing.Reader.EventProperty]"
"The system firmware returned an error Unspecified error when attempting to update a Secure Boot variable. For more information, please see https://go.microsoft.com/fwlink/?linkid=2169931","1795","0",,"2","0","0","-9223372036854775808","6915","Microsoft-Windows-TPM-WMI","7d5387b0-cbe0-11da-a94d-0800200c9a66","System","9092","8512","ASCENDI-HTMOH1J","S-1-5-18","8/7/2025 9:30:11 AM",,,"System","System.UInt32[]","System.Diagnostics.Eventing.Reader.EventBookmark","Error","Info",,"System.Collections.ObjectModel.ReadOnlyCollection`1[System.String]","System.Collections.Generic.List`1[System.Diagnostics.Eventing.Reader.EventProperty]"
"Config Read Failed

Config:	18
Error:	More data is available.","2042","0",,"2","0","0","144115188075855872","6913","Microsoft-Windows-Windows Firewall With Advanced Security","d1bc9aff-2abf-4d71-9146-ecb2a986eb85","System","2908","2056","ASCENDI-HTMOH1J","S-1-5-19","8/7/2025 9:26:01 AM",,,"System","System.UInt32[]","System.Diagnostics.Eventing.Reader.EventBookmark","Error","Info",,"System.Collections.ObjectModel.ReadOnlyCollection`1[System.String]","System.Collections.Generic.List`1[System.Diagnostics.Eventing.Reader.EventProperty]"
"The previous system shutdown at 9:21:38 AM on ?8/?7/?2025 was unexpected.","6008","0","32768","2","0","0","36028797018963968","6849","EventLog",,"System","1848","2012","ASCENDI-HTMOH1J",,"8/7/2025 9:24:54 AM",,,"System","System.UInt32[]","System.Diagnostics.Eventing.Reader.EventBookmark","Error",,"None","System.Collections.ObjectModel.ReadOnlyCollection`1[System.String]","System.Collections.Generic.List`1[System.Diagnostics.Eventing.Reader.EventProperty]"
"Config Read Failed

Config:	18
Error:	More data is available.","2042","0",,"2","0","0","144115188075855872","6819","Microsoft-Windows-Windows Firewall With Advanced Security","d1bc9aff-2abf-4d71-9146-ecb2a986eb85","System","2952","2444","ASCENDI-HTMOH1J","S-1-5-19","8/7/2025 9:19:14 AM",,,"System","System.UInt32[]","System.Diagnostics.Eventing.Reader.EventBookmark","Error","Info",,"System.Collections.ObjectModel.ReadOnlyCollection`1[System.String]","System.Collections.Generic.List`1[System.Diagnostics.Eventing.Reader.EventProperty]"
"The previous system shutdown at 11:28:01 PM on ?8/?6/?2025 was unexpected.","6008","0","32768","2","0","0","36028797018963968","6745","EventLog",,"System","828","1720","ASCENDI-HTMOH1J",,"8/7/2025 9:19:03 AM",,,"System","System.UInt32[]","System.Diagnostics.Eventing.Reader.EventBookmark","Error",,"None","System.Collections.ObjectModel.ReadOnlyCollection`1[System.String]","System.Collections.Generic.List`1[System.Diagnostics.Eventing.Reader.EventProperty]"
"Config Read Failed

Config:	18
Error:	More data is available.","2042","0",,"2","0","0","144115188075855872","6739","Microsoft-Windows-Windows Firewall With Advanced Security","d1bc9aff-2abf-4d71-9146-ecb2a986eb85","System","2964","3108","ASCENDI-HTMOH1J","S-1-5-19","8/6/2025 11:28:15 PM",,,"System","System.UInt32[]","System.Diagnostics.Eventing.Reader.EventBookmark","Error","Info",,"System.Collections.ObjectModel.ReadOnlyCollection`1[System.String]","System.Collections.Generic.List`1[System.Diagnostics.Eventing.Reader.EventProperty]"
"The previous system shutdown at 11:25:49 PM on ?8/?6/?2025 was unexpected.","6008","0","32768","2","0","0","36028797018963968","6664","EventLog",,"System","1368","2108","ASCENDI-HTMOH1J",,"8/6/2025 11:28:01 PM",,,"System","System.UInt32[]","System.Diagnostics.Eventing.Reader.EventBookmark","Error",,"None","System.Collections.ObjectModel.ReadOnlyCollection`1[System.String]","System.Collections.Generic.List`1[System.Diagnostics.Eventing.Reader.EventProperty]"
"The server Microsoft.WindowsStore_22506.1401.9.0_x64__8wekyb3d8bbwe!App.AppX19ds9cm7f9evc4x8ayz8h1c2dprymvye.mca did not register with DCOM within the required timeout.","10010","0","0","2","0","0","-9187343239835811840","6648","Microsoft-Windows-DistributedCOM","1b562e86-b7aa-4131-badc-b6f3a001407e","System","496","1844","ASCENDI-HTMOH1J","S-1-5-21-1649049209-2824995486-182282566-1000","8/6/2025 10:40:32 PM","03e0264b-06e3-0001-8d30-e003e306dc01",,"System","System.UInt32[]","System.Diagnostics.Eventing.Reader.EventBookmark","Error","Info",,"System.Collections.ObjectModel.ReadOnlyCollection`1[System.String]","System.Collections.Generic.List`1[System.Diagnostics.Eventing.Reader.EventProperty]"
"The server Microsoft.LockApp_10.0.26100.4202_neutral__cw5n1h2txyewy!WindowsDefaultLockScreen did not register with DCOM within the required timeout.","10010","0","0","2","0","0","-9187343239835811840","6646","Microsoft-Windows-DistributedCOM","1b562e86-b7aa-4131-badc-b6f3a001407e","System","496","4644","ASCENDI-HTMOH1J","S-1-5-21-1649049209-2824995486-182282566-1000","8/6/2025 9:58:18 PM","03e0264b-06e3-0001-8d30-e003e306dc01",,"System","System.UInt32[]","System.Diagnostics.Eventing.Reader.EventBookmark","Error","Info",,"System.Collections.ObjectModel.ReadOnlyCollection`1[System.String]","System.Collections.Generic.List`1[System.Diagnostics.Eventing.Reader.EventProperty]"
"Config Read Failed

Config:	18
Error:	More data is available.","2042","0",,"2","0","0","144115188075855872","6632","Microsoft-Windows-Windows Firewall With Advanced Security","d1bc9aff-2abf-4d71-9146-ecb2a986eb85","System","3036","3096","ASCENDI-HTMOH1J","S-1-5-19","8/6/2025 8:41:14 PM",,,"System","System.UInt32[]","System.Diagnostics.Eventing.Reader.EventBookmark","Error","Info",,"System.Collections.ObjectModel.ReadOnlyCollection`1[System.String]","System.Collections.Generic.List`1[System.Diagnostics.Eventing.Reader.EventProperty]"
"The previous system shutdown at 4:52:46 PM on ?8/?6/?2025 was unexpected.","6008","0","32768","2","0","0","36028797018963968","6557","EventLog",,"System","2204","2312","ASCENDI-HTMOH1J",,"8/6/2025 8:34:09 PM",,,"System","System.UInt32[]","System.Diagnostics.Eventing.Reader.EventBookmark","Error",,"None","System.Collections.ObjectModel.ReadOnlyCollection`1[System.String]","System.Collections.Generic.List`1[System.Diagnostics.Eventing.Reader.EventProperty]"
"The system firmware returned an error Unspecified error when attempting to update a Secure Boot variable. For more information, please see https://go.microsoft.com/fwlink/?linkid=2169931","1795","0",,"2","0","0","-9223372036854775808","6506","Microsoft-Windows-TPM-WMI","7d5387b0-cbe0-11da-a94d-0800200c9a66","System","1092","1004","ASCENDI-HTMOH1J","S-1-5-18","8/6/2025 9:36:43 AM",,,"System","System.UInt32[]","System.Diagnostics.Eventing.Reader.EventBookmark","Error","Info",,"System.Collections.ObjectModel.ReadOnlyCollection`1[System.String]","System.Collections.Generic.List`1[System.Diagnostics.Eventing.Reader.EventProperty]"
"Config Read Failed

Config:	18
Error:	More data is available.","2042","0",,"2","0","0","144115188075855872","6493","Microsoft-Windows-Windows Firewall With Advanced Security","d1bc9aff-2abf-4d71-9146-ecb2a986eb85","System","2980","2800","ASCENDI-HTMOH1J","S-1-5-19","8/6/2025 9:29:21 AM",,,"System","System.UInt32[]","System.Diagnostics.Eventing.Reader.EventBookmark","Error","Info",,"System.Collections.ObjectModel.ReadOnlyCollection`1[System.String]","System.Collections.Generic.List`1[System.Diagnostics.Eventing.Reader.EventProperty]"
"The previous system shutdown at 4:52:40 PM on ?8/?5/?2025 was unexpected.","6008","0","32768","2","0","0","36028797018963968","6420","EventLog",,"System","1948","1284","ASCENDI-HTMOH1J",,"8/6/2025 9:29:13 AM",,,"System","System.UInt32[]","System.Diagnostics.Eventing.Reader.EventBookmark","Error",,"None","System.Collections.ObjectModel.ReadOnlyCollection`1[System.String]","System.Collections.Generic.List`1[System.Diagnostics.Eventing.Reader.EventProperty]"
"The server Microsoft.LockApp_10.0.26100.4202_neutral__cw5n1h2txyewy!WindowsDefaultLockScreen did not register with DCOM within the required timeout.","10010","0","0","2","0","0","-9187343239835811840","6394","Microsoft-Windows-DistributedCOM","1b562e86-b7aa-4131-badc-b6f3a001407e","System","872","4268","ASCENDI-HTMOH1J","S-1-5-21-1649049209-2824995486-182282566-1000","8/5/2025 1:21:14 PM","02b0f273-05bd-0001-1dfd-b002bd05dc01",,"System","System.UInt32[]","System.Diagnostics.Eventing.Reader.EventBookmark","Error","Info",,"System.Collections.ObjectModel.ReadOnlyCollection`1[System.String]","System.Collections.Generic.List`1[System.Diagnostics.Eventing.Reader.EventProperty]"
"The system firmware returned an error Unspecified error when attempting to update a Secure Boot variable. For more information, please see https://go.microsoft.com/fwlink/?linkid=2169931","1795","0",,"2","0","0","-9223372036854775808","6342","Microsoft-Windows-TPM-WMI","7d5387b0-cbe0-11da-a94d-0800200c9a66","System","1604","5848","ASCENDI-HTMOH1J","S-1-5-18","8/5/2025 9:33:41 AM",,,"System","System.UInt32[]","System.Diagnostics.Eventing.Reader.EventBookmark","Error","Info",,"System.Collections.ObjectModel.ReadOnlyCollection`1[System.String]","System.Collections.Generic.List`1[System.Diagnostics.Eventing.Reader.EventProperty]"
"Config Read Failed

Config:	18
Error:	More data is available.","2042","0",,"2","0","0","144115188075855872","6330","Microsoft-Windows-Windows Firewall With Advanced Security","d1bc9aff-2abf-4d71-9146-ecb2a986eb85","System","2916","3076","ASCENDI-HTMOH1J","S-1-5-19","8/5/2025 9:28:30 AM",,,"System","System.UInt32[]","System.Diagnostics.Eventing.Reader.EventBookmark","Error","Info",,"System.Collections.ObjectModel.ReadOnlyCollection`1[System.String]","System.Collections.Generic.List`1[System.Diagnostics.Eventing.Reader.EventProperty]"
"The previous system shutdown at 10:54:46 PM on ?8/?4/?2025 was unexpected.","6008","0","32768","2","0","0","36028797018963968","6266","EventLog",,"System","1940","852","ASCENDI-HTMOH1J",,"8/5/2025 9:28:24 AM",,,"System","System.UInt32[]","System.Diagnostics.Eventing.Reader.EventBookmark","Error",,"None","System.Collections.ObjectModel.ReadOnlyCollection`1[System.String]","System.Collections.Generic.List`1[System.Diagnostics.Eventing.Reader.EventProperty]"
"The server Microsoft.Windows.ContentDeliveryManager_10.0.26100.1_neutral_neutral_cw5n1h2txyewy!App.AppXx4zfy1ffv3wctgdz2vypnybzjkh27jhw.mca did not register with DCOM within the required timeout.","10010","0","0","2","0","0","-9187343239835811840","6250","Microsoft-Windows-DistributedCOM","1b562e86-b7aa-4131-badc-b6f3a001407e","System","780","2496","ASCENDI-HTMOH1J","S-1-5-21-1649049209-2824995486-182282566-1000","8/4/2025 10:24:16 PM","37a5b2da-054d-0000-35e5-a6374d05dc01",,"System","System.UInt32[]","System.Diagnostics.Eventing.Reader.EventBookmark","Error","Info",,"System.Collections.ObjectModel.ReadOnlyCollection`1[System.String]","System.Collections.Generic.List`1[System.Diagnostics.Eventing.Reader.EventProperty]"
"Config Read Failed

Config:	18
Error:	More data is available.","2042","0",,"2","0","0","144115188075855872","6234","Microsoft-Windows-Windows Firewall With Advanced Security","d1bc9aff-2abf-4d71-9146-ecb2a986eb85","System","2984","3060","ASCENDI-HTMOH1J","S-1-5-19","8/4/2025 8:32:40 PM",,,"System","System.UInt32[]","System.Diagnostics.Eventing.Reader.EventBookmark","Error","Info",,"System.Collections.ObjectModel.ReadOnlyCollection`1[System.String]","System.Collections.Generic.List`1[System.Diagnostics.Eventing.Reader.EventProperty]"
"The previous system shutdown at 5:29:30 PM on ?8/?4/?2025 was unexpected.","6008","0","32768","2","0","0","36028797018963968","6157","EventLog",,"System","2036","1812","ASCENDI-HTMOH1J",,"8/4/2025 8:08:02 PM",,,"System","System.UInt32[]","System.Diagnostics.Eventing.Reader.EventBookmark","Error",,"None","System.Collections.ObjectModel.ReadOnlyCollection`1[System.String]","System.Collections.Generic.List`1[System.Diagnostics.Eventing.Reader.EventProperty]"
"DCOM got error ""1053"" attempting to start the service WaaSMedicSvc with arguments ""Unavailable"" in order to run the server:
{72566E27-1ABB-4EB3-B4F0-EB431CB1CB32}","10005","0","0","2","0","0","-9187343239835811840","6139","Microsoft-Windows-DistributedCOM","1b562e86-b7aa-4131-badc-b6f3a001407e","System","476","5128","ASCENDI-HTMOH1J","S-1-5-18","8/4/2025 2:28:32 PM","0a09c000-04f1-0001-119d-0c0af104dc01",,"System","System.UInt32[]","System.Diagnostics.Eventing.Reader.EventBookmark","Error","Info",,"System.Collections.ObjectModel.ReadOnlyCollection`1[System.String]","System.Collections.Generic.List`1[System.Diagnostics.Eventing.Reader.EventProperty]"
"The WaaSMedicSvc service failed to start due to the following error: 
The service did not respond to the start or control request in a timely fashion.","7000","0","49152","2","0","0","-9187343239835811840","6138","Service Control Manager","555908d1-a6d7-4695-8e1e-26931d2012f4","System","896","3008","ASCENDI-HTMOH1J",,"8/4/2025 2:28:31 PM",,,"System","System.UInt32[]","System.Diagnostics.Eventing.Reader.EventBookmark","Error",,,"System.Collections.ObjectModel.ReadOnlyCollection`1[System.String]","System.Collections.Generic.List`1[System.Diagnostics.Eventing.Reader.EventProperty]"
"A timeout was reached (30000 milliseconds) while waiting for the WaaSMedicSvc service to connect.","7009","0","49152","2","0","0","-9187343239835811840","6137","Service Control Manager","555908d1-a6d7-4695-8e1e-26931d2012f4","System","896","3008","ASCENDI-HTMOH1J",,"8/4/2025 2:28:31 PM",,,"System","System.UInt32[]","System.Diagnostics.Eventing.Reader.EventBookmark","Error",,,"System.Collections.ObjectModel.ReadOnlyCollection`1[System.String]","System.Collections.Generic.List`1[System.Diagnostics.Eventing.Reader.EventProperty]"
"The system firmware returned an error Unspecified error when attempting to update a Secure Boot variable. For more information, please see https://go.microsoft.com/fwlink/?linkid=2169931","1795","0",,"2","0","0","-9223372036854775808","6090","Microsoft-Windows-TPM-WMI","7d5387b0-cbe0-11da-a94d-0800200c9a66","System","2540","9096","ASCENDI-HTMOH1J","S-1-5-18","8/4/2025 9:18:01 AM",,,"System","System.UInt32[]","System.Diagnostics.Eventing.Reader.EventBookmark","Error","Info",,"System.Collections.ObjectModel.ReadOnlyCollection`1[System.String]","System.Collections.Generic.List`1[System.Diagnostics.Eventing.Reader.EventProperty]"
"Config Read Failed

Config:	18
Error:	More data is available.","2042","0",,"2","0","0","144115188075855872","6083","Microsoft-Windows-Windows Firewall With Advanced Security","d1bc9aff-2abf-4d71-9146-ecb2a986eb85","System","2948","1376","ASCENDI-HTMOH1J","S-1-5-19","8/4/2025 9:07:31 AM",,,"System","System.UInt32[]","System.Diagnostics.Eventing.Reader.EventBookmark","Error","Info",,"System.Collections.ObjectModel.ReadOnlyCollection`1[System.String]","System.Collections.Generic.List`1[System.Diagnostics.Eventing.Reader.EventProperty]"
"The previous system shutdown at 11:22:49 AM on ?8/?2/?2025 was unexpected.","6008","0","32768","2","0","0","36028797018963968","6010","EventLog",,"System","1896","2028","ASCENDI-HTMOH1J",,"8/4/2025 9:07:25 AM",,,"System","System.UInt32[]","System.Diagnostics.Eventing.Reader.EventBookmark","Error",,"None","System.Collections.ObjectModel.ReadOnlyCollection`1[System.String]","System.Collections.Generic.List`1[System.Diagnostics.Eventing.Reader.EventProperty]"
"The AppX Deployment Service (AppXSVC) service failed to start due to the following error: 
The service did not respond to the start or control request in a timely fashion.","7000","0","49152","2","0","0","-9187343239835811840","6002","Service Control Manager","555908d1-a6d7-4695-8e1e-26931d2012f4","System","900","1852","ASCENDI-HTMOH1J",,"8/2/2025 11:22:49 AM",,,"System","System.UInt32[]","System.Diagnostics.Eventing.Reader.EventBookmark","Error",,,"System.Collections.ObjectModel.ReadOnlyCollection`1[System.String]","System.Collections.Generic.List`1[System.Diagnostics.Eventing.Reader.EventProperty]"
"A timeout was reached (30000 milliseconds) while waiting for the AppX Deployment Service (AppXSVC) service to connect.","7009","0","49152","2","0","0","-9187343239835811840","6001","Service Control Manager","555908d1-a6d7-4695-8e1e-26931d2012f4","System","900","1852","ASCENDI-HTMOH1J",,"8/2/2025 11:22:49 AM",,,"System","System.UInt32[]","System.Diagnostics.Eventing.Reader.EventBookmark","Error",,,"System.Collections.ObjectModel.ReadOnlyCollection`1[System.String]","System.Collections.Generic.List`1[System.Diagnostics.Eventing.Reader.EventProperty]"
"Config Read Failed

Config:	18
Error:	More data is available.","2042","0",,"2","0","0","144115188075855872","5993","Microsoft-Windows-Windows Firewall With Advanced Security","d1bc9aff-2abf-4d71-9146-ecb2a986eb85","System","2936","3080","ASCENDI-HTMOH1J","S-1-5-19","8/2/2025 9:28:13 AM",,,"System","System.UInt32[]","System.Diagnostics.Eventing.Reader.EventBookmark","Error","Info",,"System.Collections.ObjectModel.ReadOnlyCollection`1[System.String]","System.Collections.Generic.List`1[System.Diagnostics.Eventing.Reader.EventProperty]"
"The previous system shutdown at 7:02:23 PM on ?8/?1/?2025 was unexpected.","6008","0","32768","2","0","0","36028797018963968","5927","EventLog",,"System","2004","1148","ASCENDI-HTMOH1J",,"8/2/2025 9:27:58 AM",,,"System","System.UInt32[]","System.Diagnostics.Eventing.Reader.EventBookmark","Error",,"None","System.Collections.ObjectModel.ReadOnlyCollection`1[System.String]","System.Collections.Generic.List`1[System.Diagnostics.Eventing.Reader.EventProperty]"
"The system firmware returned an error Unspecified error when attempting to update a Secure Boot variable. For more information, please see https://go.microsoft.com/fwlink/?linkid=2169931","1795","0",,"2","0","0","-9223372036854775808","5905","Microsoft-Windows-TPM-WMI","7d5387b0-cbe0-11da-a94d-0800200c9a66","System","3524","4804","ASCENDI-HTMOH1J","S-1-5-18","8/1/2025 5:55:39 PM",,,"System","System.UInt32[]","System.Diagnostics.Eventing.Reader.EventBookmark","Error","Info",,"System.Collections.ObjectModel.ReadOnlyCollection`1[System.String]","System.Collections.Generic.List`1[System.Diagnostics.Eventing.Reader.EventProperty]"
"The server {8CFC164F-4BE5-4FDD-94E9-E2AF73ED4A19} did not register with DCOM within the required timeout.","10010","0","0","2","0","0","-9187343239835811840","5903","Microsoft-Windows-DistributedCOM","1b562e86-b7aa-4131-badc-b6f3a001407e","System","892","7776","ASCENDI-HTMOH1J","S-1-5-21-1649049209-2824995486-182282566-1000","8/1/2025 5:54:07 PM","24d0ee44-02de-0001-7a44-d124de02dc01",,"System","System.UInt32[]","System.Diagnostics.Eventing.Reader.EventBookmark","Error","Info",,"System.Collections.ObjectModel.ReadOnlyCollection`1[System.String]","System.Collections.Generic.List`1[System.Diagnostics.Eventing.Reader.EventProperty]"
"Config Read Failed

Config:	18
Error:	More data is available.","2042","0",,"2","0","0","144115188075855872","5894","Microsoft-Windows-Windows Firewall With Advanced Security","d1bc9aff-2abf-4d71-9146-ecb2a986eb85","System","2988","3100","ASCENDI-HTMOH1J","S-1-5-19","8/1/2025 5:47:48 PM",,,"System","System.UInt32[]","System.Diagnostics.Eventing.Reader.EventBookmark","Error","Info",,"System.Collections.ObjectModel.ReadOnlyCollection`1[System.String]","System.Collections.Generic.List`1[System.Diagnostics.Eventing.Reader.EventProperty]"
"The previous system shutdown at 5:02:07 PM on ?8/?1/?2025 was unexpected.","6008","0","32768","2","0","0","36028797018963968","5816","EventLog",,"System","1988","1308","ASCENDI-HTMOH1J",,"8/1/2025 5:47:33 PM",,,"System","System.UInt32[]","System.Diagnostics.Eventing.Reader.EventBookmark","Error",,"None","System.Collections.ObjectModel.ReadOnlyCollection`1[System.String]","System.Collections.Generic.List`1[System.Diagnostics.Eventing.Reader.EventProperty]"
"The server Microsoft.Windows.ContentDeliveryManager_10.0.26100.1_neutral_neutral_cw5n1h2txyewy!App.AppXx4zfy1ffv3wctgdz2vypnybzjkh27jhw.mca did not register with DCOM within the required timeout.","10010","0","0","2","0","0","-9187343239835811840","5795","Microsoft-Windows-DistributedCOM","1b562e86-b7aa-4131-badc-b6f3a001407e","System","344","7944","ASCENDI-HTMOH1J","S-1-5-21-1649049209-2824995486-182282566-1000","8/1/2025 2:02:09 PM","81af6f1b-0294-0000-ca9d-b3819402dc01",,"System","System.UInt32[]","System.Diagnostics.Eventing.Reader.EventBookmark","Error","Info",,"System.Collections.ObjectModel.ReadOnlyCollection`1[System.String]","System.Collections.Generic.List`1[System.Diagnostics.Eventing.Reader.EventProperty]"
"The server MicrosoftWindows.Client.CBS_1000.26100.128.0_x64__cw5n1h2txyewy!Global.DesktopSpotlight.AppXmakp9w4re9tj70pp8mcdrt273xajen0x.mca did not register with DCOM within the required timeout.","10010","0","0","2","0","0","-9187343239835811840","5782","Microsoft-Windows-DistributedCOM","1b562e86-b7aa-4131-badc-b6f3a001407e","System","344","9444","ASCENDI-HTMOH1J","S-1-5-21-1649049209-2824995486-182282566-1000","8/1/2025 11:28:10 AM","81af6f1b-0294-0000-da78-af819402dc01",,"System","System.UInt32[]","System.Diagnostics.Eventing.Reader.EventBookmark","Error","Info",,"System.Collections.ObjectModel.ReadOnlyCollection`1[System.String]","System.Collections.Generic.List`1[System.Diagnostics.Eventing.Reader.EventProperty]"
"The system firmware returned an error Unspecified error when attempting to update a Secure Boot variable. For more information, please see https://go.microsoft.com/fwlink/?linkid=2169931","1795","0",,"2","0","0","-9223372036854775808","5765","Microsoft-Windows-TPM-WMI","7d5387b0-cbe0-11da-a94d-0800200c9a66","System","10832","10920","ASCENDI-HTMOH1J","S-1-5-18","8/1/2025 9:05:20 AM",,,"System","System.UInt32[]","System.Diagnostics.Eventing.Reader.EventBookmark","Error","Info",,"System.Collections.ObjectModel.ReadOnlyCollection`1[System.String]","System.Collections.Generic.List`1[System.Diagnostics.Eventing.Reader.EventProperty]"
"Config Read Failed

Config:	18
Error:	More data is available.","2042","0",,"2","0","0","144115188075855872","5755","Microsoft-Windows-Windows Firewall With Advanced Security","d1bc9aff-2abf-4d71-9146-ecb2a986eb85","System","3004","3132","ASCENDI-HTMOH1J","S-1-5-19","8/1/2025 9:00:30 AM",,,"System","System.UInt32[]","System.Diagnostics.Eventing.Reader.EventBookmark","Error","Info",,"System.Collections.ObjectModel.ReadOnlyCollection`1[System.String]","System.Collections.Generic.List`1[System.Diagnostics.Eventing.Reader.EventProperty]"
"The previous system shutdown at 11:39:41 PM on ?7/?31/?2025 was unexpected.","6008","0","32768","2","0","0","36028797018963968","5680","EventLog",,"System","2040","728","ASCENDI-HTMOH1J",,"8/1/2025 9:00:19 AM",,,"System","System.UInt32[]","System.Diagnostics.Eventing.Reader.EventBookmark","Error",,"None","System.Collections.ObjectModel.ReadOnlyCollection`1[System.String]","System.Collections.Generic.List`1[System.Diagnostics.Eventing.Reader.EventProperty]"
"The system firmware returned an error Unspecified error when attempting to update a Secure Boot variable. For more information, please see https://go.microsoft.com/fwlink/?linkid=2169931","1795","0",,"2","0","0","-9223372036854775808","5643","Microsoft-Windows-TPM-WMI","7d5387b0-cbe0-11da-a94d-0800200c9a66","System","10076","10048","ASCENDI-HTMOH1J","S-1-5-18","7/31/2025 8:53:54 PM",,,"System","System.UInt32[]","System.Diagnostics.Eventing.Reader.EventBookmark","Error","Info",,"System.Collections.ObjectModel.ReadOnlyCollection`1[System.String]","System.Collections.Generic.List`1[System.Diagnostics.Eventing.Reader.EventProperty]"
"Config Read Failed

Config:	18
Error:	More data is available.","2042","0",,"2","0","0","144115188075855872","5624","Microsoft-Windows-Windows Firewall With Advanced Security","d1bc9aff-2abf-4d71-9146-ecb2a986eb85","System","3028","3204","ASCENDI-HTMOH1J","S-1-5-19","7/31/2025 8:47:18 PM",,,"System","System.UInt32[]","System.Diagnostics.Eventing.Reader.EventBookmark","Error","Info",,"System.Collections.ObjectModel.ReadOnlyCollection`1[System.String]","System.Collections.Generic.List`1[System.Diagnostics.Eventing.Reader.EventProperty]"
"The previous system shutdown at 4:50:50 PM on ?7/?31/?2025 was unexpected.","6008","0","32768","2","0","0","36028797018963968","5544","EventLog",,"System","2040","1632","ASCENDI-HTMOH1J",,"7/31/2025 8:47:03 PM",,,"System","System.UInt32[]","System.Diagnostics.Eventing.Reader.EventBookmark","Error",,"None","System.Collections.ObjectModel.ReadOnlyCollection`1[System.String]","System.Collections.Generic.List`1[System.Diagnostics.Eventing.Reader.EventProperty]"
"The system firmware returned an error Unspecified error when attempting to update a Secure Boot variable. For more information, please see https://go.microsoft.com/fwlink/?linkid=2169931","1795","0",,"2","0","0","-9223372036854775808","5463","Microsoft-Windows-TPM-WMI","7d5387b0-cbe0-11da-a94d-0800200c9a66","System","8496","11084","ASCENDI-HTMOH1J","S-1-5-18","7/31/2025 9:01:26 AM",,,"System","System.UInt32[]","System.Diagnostics.Eventing.Reader.EventBookmark","Error","Info",,"System.Collections.ObjectModel.ReadOnlyCollection`1[System.String]","System.Collections.Generic.List`1[System.Diagnostics.Eventing.Reader.EventProperty]"
"Config Read Failed

Config:	18
Error:	More data is available.","2042","0",,"2","0","0","144115188075855872","5448","Microsoft-Windows-Windows Firewall With Advanced Security","d1bc9aff-2abf-4d71-9146-ecb2a986eb85","System","2916","2336","ASCENDI-HTMOH1J","S-1-5-19","7/31/2025 8:55:24 AM",,,"System","System.UInt32[]","System.Diagnostics.Eventing.Reader.EventBookmark","Error","Info",,"System.Collections.ObjectModel.ReadOnlyCollection`1[System.String]","System.Collections.Generic.List`1[System.Diagnostics.Eventing.Reader.EventProperty]"
"The previous system shutdown at 11:32:02 PM on ?7/?30/?2025 was unexpected.","6008","0","32768","2","0","0","36028797018963968","5377","EventLog",,"System","1996","1344","ASCENDI-HTMOH1J",,"7/31/2025 8:55:18 AM",,,"System","System.UInt32[]","System.Diagnostics.Eventing.Reader.EventBookmark","Error",,"None","System.Collections.ObjectModel.ReadOnlyCollection`1[System.String]","System.Collections.Generic.List`1[System.Diagnostics.Eventing.Reader.EventProperty]"
"The system firmware returned an error Unspecified error when attempting to update a Secure Boot variable. For more information, please see https://go.microsoft.com/fwlink/?linkid=2169931","1795","0",,"2","0","0","-9223372036854775808","5352","Microsoft-Windows-TPM-WMI","7d5387b0-cbe0-11da-a94d-0800200c9a66","System","4536","5288","ASCENDI-HTMOH1J","S-1-5-18","7/30/2025 10:07:43 PM",,,"System","System.UInt32[]","System.Diagnostics.Eventing.Reader.EventBookmark","Error","Info",,"System.Collections.ObjectModel.ReadOnlyCollection`1[System.String]","System.Collections.Generic.List`1[System.Diagnostics.Eventing.Reader.EventProperty]"
"DCOM got error ""1053"" attempting to start the service wisvc with arguments ""Unavailable"" in order to run the server:
{BA75691E-9FF3-492C-9053-4A91A40C556E}","10005","0","0","2","0","0","-9187343239835811840","5342","Microsoft-Windows-DistributedCOM","1b562e86-b7aa-4131-badc-b6f3a001407e","System","532","4416","ASCENDI-HTMOH1J","S-1-5-21-1649049209-2824995486-182282566-1000","7/30/2025 9:57:33 PM","0c1daea8-016e-0000-7af2-1d0c6e01dc01",,"System","System.UInt32[]","System.Diagnostics.Eventing.Reader.EventBookmark","Error","Info",,"System.Collections.ObjectModel.ReadOnlyCollection`1[System.String]","System.Collections.Generic.List`1[System.Diagnostics.Eventing.Reader.EventProperty]"
"The Windows Insider Service service failed to start due to the following error: 
The service did not respond to the start or control request in a timely fashion.","7000","0","49152","2","0","0","-9187343239835811840","5341","Service Control Manager","555908d1-a6d7-4695-8e1e-26931d2012f4","System","900","4904","ASCENDI-HTMOH1J",,"7/30/2025 9:57:33 PM",,,"System","System.UInt32[]","System.Diagnostics.Eventing.Reader.EventBookmark","Error",,,"System.Collections.ObjectModel.ReadOnlyCollection`1[System.String]","System.Collections.Generic.List`1[System.Diagnostics.Eventing.Reader.EventProperty]"
"A timeout was reached (30000 milliseconds) while waiting for the Windows Insider Service service to connect.","7009","0","49152","2","0","0","-9187343239835811840","5340","Service Control Manager","555908d1-a6d7-4695-8e1e-26931d2012f4","System","900","4904","ASCENDI-HTMOH1J",,"7/30/2025 9:57:33 PM",,,"System","System.UInt32[]","System.Diagnostics.Eventing.Reader.EventBookmark","Error",,,"System.Collections.ObjectModel.ReadOnlyCollection`1[System.String]","System.Collections.Generic.List`1[System.Diagnostics.Eventing.Reader.EventProperty]"
"Config Read Failed

Config:	18
Error:	More data is available.","2042","0",,"2","0","0","144115188075855872","5334","Microsoft-Windows-Windows Firewall With Advanced Security","d1bc9aff-2abf-4d71-9146-ecb2a986eb85","System","2040","3224","ASCENDI-HTMOH1J","S-1-5-19","7/30/2025 9:54:06 PM",,,"System","System.UInt32[]","System.Diagnostics.Eventing.Reader.EventBookmark","Error","Info",,"System.Collections.ObjectModel.ReadOnlyCollection`1[System.String]","System.Collections.Generic.List`1[System.Diagnostics.Eventing.Reader.EventProperty]"
"The previous system shutdown at 4:36:09 PM on ?7/?30/?2025 was unexpected.","6008","0","32768","2","0","0","36028797018963968","5258","EventLog",,"System","2064","2168","ASCENDI-HTMOH1J",,"7/30/2025 9:53:30 PM",,,"System","System.UInt32[]","System.Diagnostics.Eventing.Reader.EventBookmark","Error",,"None","System.Collections.ObjectModel.ReadOnlyCollection`1[System.String]","System.Collections.Generic.List`1[System.Diagnostics.Eventing.Reader.EventProperty]"
"The system firmware returned an error Unspecified error when attempting to update a Secure Boot variable. For more information, please see https://go.microsoft.com/fwlink/?linkid=2169931","1795","0",,"2","0","0","-9223372036854775808","5163","Microsoft-Windows-TPM-WMI","7d5387b0-cbe0-11da-a94d-0800200c9a66","System","7368","7672","ASCENDI-HTMOH1J","S-1-5-18","7/30/2025 9:53:19 AM",,,"System","System.UInt32[]","System.Diagnostics.Eventing.Reader.EventBookmark","Error","Info",,"System.Collections.ObjectModel.ReadOnlyCollection`1[System.String]","System.Collections.Generic.List`1[System.Diagnostics.Eventing.Reader.EventProperty]"
"Config Read Failed

Config:	18
Error:	More data is available.","2042","0",,"2","0","0","144115188075855872","5150","Microsoft-Windows-Windows Firewall With Advanced Security","d1bc9aff-2abf-4d71-9146-ecb2a986eb85","System","2928","2496","ASCENDI-HTMOH1J","S-1-5-19","7/30/2025 9:48:33 AM",,,"System","System.UInt32[]","System.Diagnostics.Eventing.Reader.EventBookmark","Error","Info",,"System.Collections.ObjectModel.ReadOnlyCollection`1[System.String]","System.Collections.Generic.List`1[System.Diagnostics.Eventing.Reader.EventProperty]"
"The previous system shutdown at 4:59:27 PM on ?7/?29/?2025 was unexpected.","6008","0","32768","2","0","0","36028797018963968","5087","EventLog",,"System","1196","2092","ASCENDI-HTMOH1J",,"7/30/2025 9:48:19 AM",,,"System","System.UInt32[]","System.Diagnostics.Eventing.Reader.EventBookmark","Error",,"None","System.Collections.ObjectModel.ReadOnlyCollection`1[System.String]","System.Collections.Generic.List`1[System.Diagnostics.Eventing.Reader.EventProperty]"
"The server {8CFC164F-4BE5-4FDD-94E9-E2AF73ED4A19} did not register with DCOM within the required timeout.","10010","0","0","2","0","0","-9187343239835811840","5064","Microsoft-Windows-DistributedCOM","1b562e86-b7aa-4131-badc-b6f3a001407e","System","328","2284","ASCENDI-HTMOH1J","S-1-5-21-1649049209-2824995486-182282566-1000","7/29/2025 2:22:33 PM","2b5082d8-003e-0001-4291-532b3e00dc01",,"System","System.UInt32[]","System.Diagnostics.Eventing.Reader.EventBookmark","Error","Info",,"System.Collections.ObjectModel.ReadOnlyCollection`1[System.String]","System.Collections.Generic.List`1[System.Diagnostics.Eventing.Reader.EventProperty]"
"A timeout was reached (30000 milliseconds) while waiting for the Windows Error Reporting Service service to connect.","7009","0","49152","2","0","0","-9187343239835811840","5049","Service Control Manager","555908d1-a6d7-4695-8e1e-26931d2012f4","System","896","10484","ASCENDI-HTMOH1J",,"7/29/2025 1:56:19 PM",,,"System","System.UInt32[]","System.Diagnostics.Eventing.Reader.EventBookmark","Error",,,"System.Collections.ObjectModel.ReadOnlyCollection`1[System.String]","System.Collections.Generic.List`1[System.Diagnostics.Eventing.Reader.EventProperty]"
"The AppX Deployment Service (AppXSVC) service failed to start due to the following error: 
The service did not respond to the start or control request in a timely fashion.","7000","0","49152","2","0","0","-9187343239835811840","5048","Service Control Manager","555908d1-a6d7-4695-8e1e-26931d2012f4","System","896","6716","ASCENDI-HTMOH1J",,"7/29/2025 1:56:19 PM",,,"System","System.UInt32[]","System.Diagnostics.Eventing.Reader.EventBookmark","Error",,,"System.Collections.ObjectModel.ReadOnlyCollection`1[System.String]","System.Collections.Generic.List`1[System.Diagnostics.Eventing.Reader.EventProperty]"
"A timeout was reached (30000 milliseconds) while waiting for the AppX Deployment Service (AppXSVC) service to connect.","7009","0","49152","2","0","0","-9187343239835811840","5047","Service Control Manager","555908d1-a6d7-4695-8e1e-26931d2012f4","System","896","6716","ASCENDI-HTMOH1J",,"7/29/2025 1:56:19 PM",,,"System","System.UInt32[]","System.Diagnostics.Eventing.Reader.EventBookmark","Error",,,"System.Collections.ObjectModel.ReadOnlyCollection`1[System.String]","System.Collections.Generic.List`1[System.Diagnostics.Eventing.Reader.EventProperty]"
"The Software Protection service failed to start due to the following error: 
The service did not respond to the start or control request in a timely fashion.","7000","0","49152","2","0","0","-9187343239835811840","5046","Service Control Manager","555908d1-a6d7-4695-8e1e-26931d2012f4","System","896","8048","ASCENDI-HTMOH1J",,"7/29/2025 1:56:19 PM",,,"System","System.UInt32[]","System.Diagnostics.Eventing.Reader.EventBookmark","Error",,,"System.Collections.ObjectModel.ReadOnlyCollection`1[System.String]","System.Collections.Generic.List`1[System.Diagnostics.Eventing.Reader.EventProperty]"
"A timeout was reached (30000 milliseconds) while waiting for the Software Protection service to connect.","7009","0","49152","2","0","0","-9187343239835811840","5045","Service Control Manager","555908d1-a6d7-4695-8e1e-26931d2012f4","System","896","8048","ASCENDI-HTMOH1J",,"7/29/2025 1:56:19 PM",,,"System","System.UInt32[]","System.Diagnostics.Eventing.Reader.EventBookmark","Error",,,"System.Collections.ObjectModel.ReadOnlyCollection`1[System.String]","System.Collections.Generic.List`1[System.Diagnostics.Eventing.Reader.EventProperty]"
"The AppX Deployment Service (AppXSVC) service failed to start due to the following error: 
The service did not respond to the start or control request in a timely fashion.","7000","0","49152","2","0","0","-9187343239835811840","5044","Service Control Manager","555908d1-a6d7-4695-8e1e-26931d2012f4","System","896","8416","ASCENDI-HTMOH1J",,"7/29/2025 1:17:49 PM",,,"System","System.UInt32[]","System.Diagnostics.Eventing.Reader.EventBookmark","Error",,,"System.Collections.ObjectModel.ReadOnlyCollection`1[System.String]","System.Collections.Generic.List`1[System.Diagnostics.Eventing.Reader.EventProperty]"
"A timeout was reached (30000 milliseconds) while waiting for the AppX Deployment Service (AppXSVC) service to connect.","7009","0","49152","2","0","0","-9187343239835811840","5043","Service Control Manager","555908d1-a6d7-4695-8e1e-26931d2012f4","System","896","8416","ASCENDI-HTMOH1J",,"7/29/2025 1:17:49 PM",,,"System","System.UInt32[]","System.Diagnostics.Eventing.Reader.EventBookmark","Error",,,"System.Collections.ObjectModel.ReadOnlyCollection`1[System.String]","System.Collections.Generic.List`1[System.Diagnostics.Eventing.Reader.EventProperty]"
"The server {8CFC164F-4BE5-4FDD-94E9-E2AF73ED4A19} did not register with DCOM within the required timeout.","10010","0","0","2","0","0","-9187343239835811840","5028","Microsoft-Windows-DistributedCOM","1b562e86-b7aa-4131-badc-b6f3a001407e","System","328","3876","ASCENDI-HTMOH1J","S-1-5-21-1649049209-2824995486-182282566-1000","7/29/2025 11:38:04 AM","2b5082d8-003e-0001-4ec4-522b3e00dc01",,"System","System.UInt32[]","System.Diagnostics.Eventing.Reader.EventBookmark","Error","Info",,"System.Collections.ObjectModel.ReadOnlyCollection`1[System.String]","System.Collections.Generic.List`1[System.Diagnostics.Eventing.Reader.EventProperty]"
"The system firmware returned an error Unspecified error when attempting to update a Secure Boot variable. For more information, please see https://go.microsoft.com/fwlink/?linkid=2169931","1795","0",,"2","0","0","-9223372036854775808","4994","Microsoft-Windows-TPM-WMI","7d5387b0-cbe0-11da-a94d-0800200c9a66","System","5876","8920","ASCENDI-HTMOH1J","S-1-5-18","7/29/2025 9:44:07 AM",,,"System","System.UInt32[]","System.Diagnostics.Eventing.Reader.EventBookmark","Error","Info",,"System.Collections.ObjectModel.ReadOnlyCollection`1[System.String]","System.Collections.Generic.List`1[System.Diagnostics.Eventing.Reader.EventProperty]"
"Config Read Failed

Config:	18
Error:	More data is available.","2042","0",,"2","0","0","144115188075855872","4984","Microsoft-Windows-Windows Firewall With Advanced Security","d1bc9aff-2abf-4d71-9146-ecb2a986eb85","System","3012","3088","ASCENDI-HTMOH1J","S-1-5-19","7/29/2025 9:39:55 AM",,,"System","System.UInt32[]","System.Diagnostics.Eventing.Reader.EventBookmark","Error","Info",,"System.Collections.ObjectModel.ReadOnlyCollection`1[System.String]","System.Collections.Generic.List`1[System.Diagnostics.Eventing.Reader.EventProperty]"
"The previous system shutdown at 10:55:11 PM on ?7/?28/?2025 was unexpected.","6008","0","32768","2","0","0","36028797018963968","4921","EventLog",,"System","1372","1768","ASCENDI-HTMOH1J",,"7/29/2025 9:38:10 AM",,,"System","System.UInt32[]","System.Diagnostics.Eventing.Reader.EventBookmark","Error",,"None","System.Collections.ObjectModel.ReadOnlyCollection`1[System.String]","System.Collections.Generic.List`1[System.Diagnostics.Eventing.Reader.EventProperty]"
"The system firmware returned an error Unspecified error when attempting to update a Secure Boot variable. For more information, please see https://go.microsoft.com/fwlink/?linkid=2169931","1795","0",,"2","0","0","-9223372036854775808","4895","Microsoft-Windows-TPM-WMI","7d5387b0-cbe0-11da-a94d-0800200c9a66","System","7732","6648","ASCENDI-HTMOH1J","S-1-5-18","7/28/2025 9:35:20 PM",,,"System","System.UInt32[]","System.Diagnostics.Eventing.Reader.EventBookmark","Error","Info",,"System.Collections.ObjectModel.ReadOnlyCollection`1[System.String]","System.Collections.Generic.List`1[System.Diagnostics.Eventing.Reader.EventProperty]"
"The Storage Service service hung on starting.","7022","0","49152","2","0","0","-9187343239835811840","4890","Service Control Manager","555908d1-a6d7-4695-8e1e-26931d2012f4","System","896","4484","ASCENDI-HTMOH1J",,"7/28/2025 9:34:00 PM",,,"System","System.UInt32[]","System.Diagnostics.Eventing.Reader.EventBookmark","Error",,,"System.Collections.ObjectModel.ReadOnlyCollection`1[System.String]","System.Collections.Generic.List`1[System.Diagnostics.Eventing.Reader.EventProperty]"
"Config Read Failed

Config:	18
Error:	More data is available.","2042","0",,"2","0","0","144115188075855872","4882","Microsoft-Windows-Windows Firewall With Advanced Security","d1bc9aff-2abf-4d71-9146-ecb2a986eb85","System","2924","2276","ASCENDI-HTMOH1J","S-1-5-19","7/28/2025 7:55:49 PM",,,"System","System.UInt32[]","System.Diagnostics.Eventing.Reader.EventBookmark","Error","Info",,"System.Collections.ObjectModel.ReadOnlyCollection`1[System.String]","System.Collections.Generic.List`1[System.Diagnostics.Eventing.Reader.EventProperty]"
"The previous system shutdown at 4:59:05 PM on ?7/?28/?2025 was unexpected.","6008","0","32768","2","0","0","36028797018963968","4807","EventLog",,"System","1992","1808","ASCENDI-HTMOH1J",,"7/28/2025 7:55:38 PM",,,"System","System.UInt32[]","System.Diagnostics.Eventing.Reader.EventBookmark","Error",,"None","System.Collections.ObjectModel.ReadOnlyCollection`1[System.String]","System.Collections.Generic.List`1[System.Diagnostics.Eventing.Reader.EventProperty]"
"The system firmware returned an error Unspecified error when attempting to update a Secure Boot variable. For more information, please see https://go.microsoft.com/fwlink/?linkid=2169931","1795","0",,"2","0","0","-9223372036854775808","4730","Microsoft-Windows-TPM-WMI","7d5387b0-cbe0-11da-a94d-0800200c9a66","System","4660","2512","ASCENDI-HTMOH1J","S-1-5-18","7/28/2025 9:36:27 AM",,,"System","System.UInt32[]","System.Diagnostics.Eventing.Reader.EventBookmark","Error","Info",,"System.Collections.ObjectModel.ReadOnlyCollection`1[System.String]","System.Collections.Generic.List`1[System.Diagnostics.Eventing.Reader.EventProperty]"
"Config Read Failed

Config:	18
Error:	More data is available.","2042","0",,"2","0","0","144115188075855872","4718","Microsoft-Windows-Windows Firewall With Advanced Security","d1bc9aff-2abf-4d71-9146-ecb2a986eb85","System","2980","3088","ASCENDI-HTMOH1J","S-1-5-19","7/28/2025 9:31:05 AM",,,"System","System.UInt32[]","System.Diagnostics.Eventing.Reader.EventBookmark","Error","Info",,"System.Collections.ObjectModel.ReadOnlyCollection`1[System.String]","System.Collections.Generic.List`1[System.Diagnostics.Eventing.Reader.EventProperty]"
"The previous system shutdown at 8:42:32 PM on ?7/?27/?2025 was unexpected.","6008","0","32768","2","0","0","36028797018963968","4642","EventLog",,"System","1944","1292","ASCENDI-HTMOH1J",,"7/28/2025 9:30:57 AM",,,"System","System.UInt32[]","System.Diagnostics.Eventing.Reader.EventBookmark","Error",,"None","System.Collections.ObjectModel.ReadOnlyCollection`1[System.String]","System.Collections.Generic.List`1[System.Diagnostics.Eventing.Reader.EventProperty]"
"The server MicrosoftWindows.Client.CBS_1000.26100.128.0_x64__cw5n1h2txyewy!Global.IrisService.AppXwwah2tbqj7j749pkqvs0hna8en4npvp8.mca did not register with DCOM within the required timeout.","10010","0","0","2","0","0","-9187343239835811840","4635","Microsoft-Windows-DistributedCOM","1b562e86-b7aa-4131-badc-b6f3a001407e","System","880","10660","ASCENDI-HTMOH1J","S-1-5-21-1649049209-2824995486-182282566-1000","7/27/2025 8:42:31 PM","d05792aa-fece-0001-d2f2-58d0cefedb01",,"System","System.UInt32[]","System.Diagnostics.Eventing.Reader.EventBookmark","Error","Info",,"System.Collections.ObjectModel.ReadOnlyCollection`1[System.String]","System.Collections.Generic.List`1[System.Diagnostics.Eventing.Reader.EventProperty]"
"Installation Failure: Windows failed to install the following update with error 0x80073D02: 9NMPJ99VJBWV-Microsoft.YourPhone.","20","1",,"2","1","13","-9223372036854775768","4617","Microsoft-Windows-WindowsUpdateClient","945a8954-c147-4acd-923f-40c45405a658","System","1652","9284","ASCENDI-HTMOH1J","S-1-5-18","7/27/2025 2:30:33 PM","d05792aa-fece-0001-b7f1-58d0cefedb01",,"System","System.UInt32[]","System.Diagnostics.Eventing.Reader.EventBookmark","Error","Installation","Windows Update Agent","System.Collections.ObjectModel.ReadOnlyCollection`1[System.String]","System.Collections.Generic.List`1[System.Diagnostics.Eventing.Reader.EventProperty]"
"The server {8CFC164F-4BE5-4FDD-94E9-E2AF73ED4A19} did not register with DCOM within the required timeout.","10010","0","0","2","0","0","-9187343239835811840","4612","Microsoft-Windows-DistributedCOM","1b562e86-b7aa-4131-badc-b6f3a001407e","System","880","5780","ASCENDI-HTMOH1J","S-1-5-21-1649049209-2824995486-182282566-1000","7/27/2025 2:29:24 PM","d05792aa-fece-0001-5744-58d0cefedb01",,"System","System.UInt32[]","System.Diagnostics.Eventing.Reader.EventBookmark","Error","Info",,"System.Collections.ObjectModel.ReadOnlyCollection`1[System.String]","System.Collections.Generic.List`1[System.Diagnostics.Eventing.Reader.EventProperty]"
"Config Read Failed

Config:	18
Error:	More data is available.","2042","0",,"2","0","0","144115188075855872","4592","Microsoft-Windows-Windows Firewall With Advanced Security","d1bc9aff-2abf-4d71-9146-ecb2a986eb85","System","2952","2092","ASCENDI-HTMOH1J","S-1-5-19","7/27/2025 1:47:52 PM",,,"System","System.UInt32[]","System.Diagnostics.Eventing.Reader.EventBookmark","Error","Info",,"System.Collections.ObjectModel.ReadOnlyCollection`1[System.String]","System.Collections.Generic.List`1[System.Diagnostics.Eventing.Reader.EventProperty]"
"The previous system shutdown at 10:51:00 PM on ?7/?26/?2025 was unexpected.","6008","0","32768","2","0","0","36028797018963968","4514","EventLog",,"System","2004","1288","ASCENDI-HTMOH1J",,"7/27/2025 1:47:41 PM",,,"System","System.UInt32[]","System.Diagnostics.Eventing.Reader.EventBookmark","Error",,"None","System.Collections.ObjectModel.ReadOnlyCollection`1[System.String]","System.Collections.Generic.List`1[System.Diagnostics.Eventing.Reader.EventProperty]"
"Config Read Failed

Config:	18
Error:	More data is available.","2042","0",,"2","0","0","144115188075855872","4510","Microsoft-Windows-Windows Firewall With Advanced Security","d1bc9aff-2abf-4d71-9146-ecb2a986eb85","System","2948","1372","ASCENDI-HTMOH1J","S-1-5-19","7/26/2025 10:52:26 PM",,,"System","System.UInt32[]","System.Diagnostics.Eventing.Reader.EventBookmark","Error","Info",,"System.Collections.ObjectModel.ReadOnlyCollection`1[System.String]","System.Collections.Generic.List`1[System.Diagnostics.Eventing.Reader.EventProperty]"
"The previous system shutdown at 4:21:51 PM on ?7/?26/?2025 was unexpected.","6008","0","32768","2","0","0","36028797018963968","4432","EventLog",,"System","2036","1500","ASCENDI-HTMOH1J",,"7/26/2025 10:51:00 PM",,,"System","System.UInt32[]","System.Diagnostics.Eventing.Reader.EventBookmark","Error",,"None","System.Collections.ObjectModel.ReadOnlyCollection`1[System.String]","System.Collections.Generic.List`1[System.Diagnostics.Eventing.Reader.EventProperty]"
"The system firmware returned an error Unspecified error when attempting to update a Secure Boot variable. For more information, please see https://go.microsoft.com/fwlink/?linkid=2169931","1795","0",,"2","0","0","-9223372036854775808","4398","Microsoft-Windows-TPM-WMI","7d5387b0-cbe0-11da-a94d-0800200c9a66","System","7356","6616","ASCENDI-HTMOH1J","S-1-5-18","7/26/2025 2:33:19 PM",,,"System","System.UInt32[]","System.Diagnostics.Eventing.Reader.EventBookmark","Error","Info",,"System.Collections.ObjectModel.ReadOnlyCollection`1[System.String]","System.Collections.Generic.List`1[System.Diagnostics.Eventing.Reader.EventProperty]"
"DCOM got error ""1053"" attempting to start the service BITS with arguments ""Unavailable"" in order to run the server:
{4991D34B-80A1-4291-83B6-3328366B9097}","10005","0","0","2","0","0","-9187343239835811840","4394","Microsoft-Windows-DistributedCOM","1b562e86-b7aa-4131-badc-b6f3a001407e","System","528","1176","ASCENDI-HTMOH1J","S-1-5-19","7/26/2025 2:29:49 PM","4b41be07-fe0b-0001-d802-424b0bfedb01",,"System","System.UInt32[]","System.Diagnostics.Eventing.Reader.EventBookmark","Error","Info",,"System.Collections.ObjectModel.ReadOnlyCollection`1[System.String]","System.Collections.Generic.List`1[System.Diagnostics.Eventing.Reader.EventProperty]"
"The Background Intelligent Transfer Service service failed to start due to the following error: 
The service did not respond to the start or control request in a timely fashion.","7000","0","49152","2","0","0","-9187343239835811840","4393","Service Control Manager","555908d1-a6d7-4695-8e1e-26931d2012f4","System","904","4196","ASCENDI-HTMOH1J",,"7/26/2025 2:29:48 PM",,,"System","System.UInt32[]","System.Diagnostics.Eventing.Reader.EventBookmark","Error",,,"System.Collections.ObjectModel.ReadOnlyCollection`1[System.String]","System.Collections.Generic.List`1[System.Diagnostics.Eventing.Reader.EventProperty]"
"A timeout was reached (30000 milliseconds) while waiting for the Background Intelligent Transfer Service service to connect.","7009","0","49152","2","0","0","-9187343239835811840","4392","Service Control Manager","555908d1-a6d7-4695-8e1e-26931d2012f4","System","904","4196","ASCENDI-HTMOH1J",,"7/26/2025 2:29:48 PM",,,"System","System.UInt32[]","System.Diagnostics.Eventing.Reader.EventBookmark","Error",,,"System.Collections.ObjectModel.ReadOnlyCollection`1[System.String]","System.Collections.Generic.List`1[System.Diagnostics.Eventing.Reader.EventProperty]"
"Config Read Failed

Config:	18
Error:	More data is available.","2042","0",,"2","0","0","144115188075855872","4384","Microsoft-Windows-Windows Firewall With Advanced Security","d1bc9aff-2abf-4d71-9146-ecb2a986eb85","System","2944","3084","ASCENDI-HTMOH1J","S-1-5-19","7/26/2025 2:28:23 PM",,,"System","System.UInt32[]","System.Diagnostics.Eventing.Reader.EventBookmark","Error","Info",,"System.Collections.ObjectModel.ReadOnlyCollection`1[System.String]","System.Collections.Generic.List`1[System.Diagnostics.Eventing.Reader.EventProperty]"
"The previous system shutdown at 10:25:59 PM on ?7/?25/?2025 was unexpected.","6008","0","32768","2","0","0","36028797018963968","4309","EventLog",,"System","1952","1252","ASCENDI-HTMOH1J",,"7/26/2025 2:28:12 PM",,,"System","System.UInt32[]","System.Diagnostics.Eventing.Reader.EventBookmark","Error",,"None","System.Collections.ObjectModel.ReadOnlyCollection`1[System.String]","System.Collections.Generic.List`1[System.Diagnostics.Eventing.Reader.EventProperty]"
"Config Read Failed

Config:	18
Error:	More data is available.","2042","0",,"2","0","0","144115188075855872","4298","Microsoft-Windows-Windows Firewall With Advanced Security","d1bc9aff-2abf-4d71-9146-ecb2a986eb85","System","2088","3176","ASCENDI-HTMOH1J","S-1-5-19","7/25/2025 10:26:32 PM",,,"System","System.UInt32[]","System.Diagnostics.Eventing.Reader.EventBookmark","Error","Info",,"System.Collections.ObjectModel.ReadOnlyCollection`1[System.String]","System.Collections.Generic.List`1[System.Diagnostics.Eventing.Reader.EventProperty]"
"The previous system shutdown at 4:32:10 PM on ?7/?24/?2025 was unexpected.","6008","0","32768","2","0","0","36028797018963968","4220","EventLog",,"System","1272","2148","ASCENDI-HTMOH1J",,"7/25/2025 10:25:58 PM",,,"System","System.UInt32[]","System.Diagnostics.Eventing.Reader.EventBookmark","Error",,"None","System.Collections.ObjectModel.ReadOnlyCollection`1[System.String]","System.Collections.Generic.List`1[System.Diagnostics.Eventing.Reader.EventProperty]"
"Installation Failure: Windows failed to install the following update with error 0x80073D02: 9NTXGKQ8P7N0-MicrosoftWindows.CrossDevice.","20","1",,"2","1","13","-9223372036854775768","4192","Microsoft-Windows-WindowsUpdateClient","945a8954-c147-4acd-923f-40c45405a658","System","5232","5904","ASCENDI-HTMOH1J","S-1-5-18","7/24/2025 9:42:13 AM","a95ce19b-fc4c-0000-b066-5ea94cfcdb01",,"System","System.UInt32[]","System.Diagnostics.Eventing.Reader.EventBookmark","Error","Installation","Windows Update Agent","System.Collections.ObjectModel.ReadOnlyCollection`1[System.String]","System.Collections.Generic.List`1[System.Diagnostics.Eventing.Reader.EventProperty]"
"The system firmware returned an error Unspecified error when attempting to update a Secure Boot variable. For more information, please see https://go.microsoft.com/fwlink/?linkid=2169931","1795","0",,"2","0","0","-9223372036854775808","4181","Microsoft-Windows-TPM-WMI","7d5387b0-cbe0-11da-a94d-0800200c9a66","System","9032","4660","ASCENDI-HTMOH1J","S-1-5-18","7/24/2025 9:38:01 AM",,,"System","System.UInt32[]","System.Diagnostics.Eventing.Reader.EventBookmark","Error","Info",,"System.Collections.ObjectModel.ReadOnlyCollection`1[System.String]","System.Collections.Generic.List`1[System.Diagnostics.Eventing.Reader.EventProperty]"
"The server Microsoft.Windows.ContentDeliveryManager_10.0.26100.1_neutral_neutral_cw5n1h2txyewy!App.AppXryc2qd338f5728r9gzzazav8206ba77s.mca did not register with DCOM within the required timeout.","10010","0","0","2","0","0","-9187343239835811840","4177","Microsoft-Windows-DistributedCOM","1b562e86-b7aa-4131-badc-b6f3a001407e","System","860","3108","ASCENDI-HTMOH1J","S-1-5-21-1649049209-2824995486-182282566-1000","7/24/2025 9:27:33 AM","a95ce19b-fc4c-0001-533a-5da94cfcdb01",,"System","System.UInt32[]","System.Diagnostics.Eventing.Reader.EventBookmark","Error","Info",,"System.Collections.ObjectModel.ReadOnlyCollection`1[System.String]","System.Collections.Generic.List`1[System.Diagnostics.Eventing.Reader.EventProperty]"
"Config Read Failed

Config:	18
Error:	More data is available.","2042","0",,"2","0","0","144115188075855872","4157","Microsoft-Windows-Windows Firewall With Advanced Security","d1bc9aff-2abf-4d71-9146-ecb2a986eb85","System","3000","3120","ASCENDI-HTMOH1J","S-1-5-19","7/24/2025 9:11:12 AM",,,"System","System.UInt32[]","System.Diagnostics.Eventing.Reader.EventBookmark","Error","Info",,"System.Collections.ObjectModel.ReadOnlyCollection`1[System.String]","System.Collections.Generic.List`1[System.Diagnostics.Eventing.Reader.EventProperty]"
"The previous system shutdown at 4:57:17 PM on ?7/?23/?2025 was unexpected.","6008","0","32768","2","0","0","36028797018963968","4068","EventLog",,"System","1976","1028","ASCENDI-HTMOH1J",,"7/24/2025 9:11:02 AM",,,"System","System.UInt32[]","System.Diagnostics.Eventing.Reader.EventBookmark","Error",,"None","System.Collections.ObjectModel.ReadOnlyCollection`1[System.String]","System.Collections.Generic.List`1[System.Diagnostics.Eventing.Reader.EventProperty]"
"The system firmware returned an error Unspecified error when attempting to update a Secure Boot variable. For more information, please see https://go.microsoft.com/fwlink/?linkid=2169931","1795","0",,"2","0","0","-9223372036854775808","3991","Microsoft-Windows-TPM-WMI","7d5387b0-cbe0-11da-a94d-0800200c9a66","System","3840","11944","ASCENDI-HTMOH1J","S-1-5-18","7/23/2025 9:09:22 AM",,,"System","System.UInt32[]","System.Diagnostics.Eventing.Reader.EventBookmark","Error","Info",,"System.Collections.ObjectModel.ReadOnlyCollection`1[System.String]","System.Collections.Generic.List`1[System.Diagnostics.Eventing.Reader.EventProperty]"
"Config Read Failed

Config:	18
Error:	More data is available.","2042","0",,"2","0","0","144115188075855872","3978","Microsoft-Windows-Windows Firewall With Advanced Security","d1bc9aff-2abf-4d71-9146-ecb2a986eb85","System","3000","3108","ASCENDI-HTMOH1J","S-1-5-19","7/23/2025 8:54:29 AM",,,"System","System.UInt32[]","System.Diagnostics.Eventing.Reader.EventBookmark","Error","Info",,"System.Collections.ObjectModel.ReadOnlyCollection`1[System.String]","System.Collections.Generic.List`1[System.Diagnostics.Eventing.Reader.EventProperty]"
"The previous system shutdown at 7:38:46 PM on ?7/?22/?2025 was unexpected.","6008","0","32768","2","0","0","36028797018963968","3911","EventLog",,"System","1452","2120","ASCENDI-HTMOH1J",,"7/23/2025 8:54:14 AM",,,"System","System.UInt32[]","System.Diagnostics.Eventing.Reader.EventBookmark","Error",,"None","System.Collections.ObjectModel.ReadOnlyCollection`1[System.String]","System.Collections.Generic.List`1[System.Diagnostics.Eventing.Reader.EventProperty]"
"The Group Policy Client service failed to start due to the following error: 
The service did not respond to the start or control request in a timely fashion.","7000","0","49152","2","0","0","-9187343239835811840","3893","Service Control Manager","555908d1-a6d7-4695-8e1e-26931d2012f4","System","904","10708","ASCENDI-HTMOH1J",,"7/22/2025 2:55:51 PM",,,"System","System.UInt32[]","System.Diagnostics.Eventing.Reader.EventBookmark","Error",,,"System.Collections.ObjectModel.ReadOnlyCollection`1[System.String]","System.Collections.Generic.List`1[System.Diagnostics.Eventing.Reader.EventProperty]"
"A timeout was reached (30000 milliseconds) while waiting for the Group Policy Client service to connect.","7009","0","49152","2","0","0","-9187343239835811840","3892","Service Control Manager","555908d1-a6d7-4695-8e1e-26931d2012f4","System","904","10708","ASCENDI-HTMOH1J",,"7/22/2025 2:55:51 PM",,,"System","System.UInt32[]","System.Diagnostics.Eventing.Reader.EventBookmark","Error",,,"System.Collections.ObjectModel.ReadOnlyCollection`1[System.String]","System.Collections.Generic.List`1[System.Diagnostics.Eventing.Reader.EventProperty]"
"The system firmware returned an error Unspecified error when attempting to update a Secure Boot variable. For more information, please see https://go.microsoft.com/fwlink/?linkid=2169931","1795","0",,"2","0","0","-9223372036854775808","3811","Microsoft-Windows-TPM-WMI","7d5387b0-cbe0-11da-a94d-0800200c9a66","System","9048","10252","ASCENDI-HTMOH1J","S-1-5-18","7/22/2025 9:03:59 AM",,,"System","System.UInt32[]","System.Diagnostics.Eventing.Reader.EventBookmark","Error","Info",,"System.Collections.ObjectModel.ReadOnlyCollection`1[System.String]","System.Collections.Generic.List`1[System.Diagnostics.Eventing.Reader.EventProperty]"
"Config Read Failed

Config:	18
Error:	More data is available.","2042","0",,"2","0","0","144115188075855872","3799","Microsoft-Windows-Windows Firewall With Advanced Security","d1bc9aff-2abf-4d71-9146-ecb2a986eb85","System","2924","2348","ASCENDI-HTMOH1J","S-1-5-19","7/22/2025 8:58:55 AM",,,"System","System.UInt32[]","System.Diagnostics.Eventing.Reader.EventBookmark","Error","Info",,"System.Collections.ObjectModel.ReadOnlyCollection`1[System.String]","System.Collections.Generic.List`1[System.Diagnostics.Eventing.Reader.EventProperty]"
"The previous system shutdown at 10:14:36 PM on ?7/?21/?2025 was unexpected.","6008","0","32768","2","0","0","36028797018963968","3727","EventLog",,"System","1864","2044","ASCENDI-HTMOH1J",,"7/22/2025 8:58:49 AM",,,"System","System.UInt32[]","System.Diagnostics.Eventing.Reader.EventBookmark","Error",,"None","System.Collections.ObjectModel.ReadOnlyCollection`1[System.String]","System.Collections.Generic.List`1[System.Diagnostics.Eventing.Reader.EventProperty]"
"Config Read Failed

Config:	18
Error:	More data is available.","2042","0",,"2","0","0","144115188075855872","3703","Microsoft-Windows-Windows Firewall With Advanced Security","d1bc9aff-2abf-4d71-9146-ecb2a986eb85","System","3068","3172","ASCENDI-HTMOH1J","S-1-5-19","7/21/2025 8:42:32 PM",,,"System","System.UInt32[]","System.Diagnostics.Eventing.Reader.EventBookmark","Error","Info",,"System.Collections.ObjectModel.ReadOnlyCollection`1[System.String]","System.Collections.Generic.List`1[System.Diagnostics.Eventing.Reader.EventProperty]"
"The SSDP Discovery service failed to start due to the following error: 
The service did not respond to the start or control request in a timely fashion.","7000","0","49152","2","0","0","-9187343239835811840","3699","Service Control Manager","555908d1-a6d7-4695-8e1e-26931d2012f4","System","912","1076","ASCENDI-HTMOH1J",,"7/21/2025 8:42:20 PM",,,"System","System.UInt32[]","System.Diagnostics.Eventing.Reader.EventBookmark","Error",,,"System.Collections.ObjectModel.ReadOnlyCollection`1[System.String]","System.Collections.Generic.List`1[System.Diagnostics.Eventing.Reader.EventProperty]"
"A timeout was reached (45000 milliseconds) while waiting for the SSDP Discovery service to connect.","7009","0","49152","2","0","0","-9187343239835811840","3698","Service Control Manager","555908d1-a6d7-4695-8e1e-26931d2012f4","System","912","1076","ASCENDI-HTMOH1J",,"7/21/2025 8:42:20 PM",,,"System","System.UInt32[]","System.Diagnostics.Eventing.Reader.EventBookmark","Error",,,"System.Collections.ObjectModel.ReadOnlyCollection`1[System.String]","System.Collections.Generic.List`1[System.Diagnostics.Eventing.Reader.EventProperty]"
"The previous system shutdown at 4:53:41 PM on ?7/?21/?2025 was unexpected.","6008","0","32768","2","0","0","36028797018963968","3627","EventLog",,"System","2140","2208","ASCENDI-HTMOH1J",,"7/21/2025 7:07:17 PM",,,"System","System.UInt32[]","System.Diagnostics.Eventing.Reader.EventBookmark","Error",,"None","System.Collections.ObjectModel.ReadOnlyCollection`1[System.String]","System.Collections.Generic.List`1[System.Diagnostics.Eventing.Reader.EventProperty]"
"The system firmware returned an error Unspecified error when attempting to update a Secure Boot variable. For more information, please see https://go.microsoft.com/fwlink/?linkid=2169931","1795","0",,"2","0","0","-9223372036854775808","3561","Microsoft-Windows-TPM-WMI","7d5387b0-cbe0-11da-a94d-0800200c9a66","System","6496","4208","ASCENDI-HTMOH1J","S-1-5-18","7/21/2025 9:08:04 AM",,,"System","System.UInt32[]","System.Diagnostics.Eventing.Reader.EventBookmark","Error","Info",,"System.Collections.ObjectModel.ReadOnlyCollection`1[System.String]","System.Collections.Generic.List`1[System.Diagnostics.Eventing.Reader.EventProperty]"
"Config Read Failed

Config:	18
Error:	More data is available.","2042","0",,"2","0","0","144115188075855872","3554","Microsoft-Windows-Windows Firewall With Advanced Security","d1bc9aff-2abf-4d71-9146-ecb2a986eb85","System","2992","3152","ASCENDI-HTMOH1J","S-1-5-19","7/21/2025 9:03:26 AM",,,"System","System.UInt32[]","System.Diagnostics.Eventing.Reader.EventBookmark","Error","Info",,"System.Collections.ObjectModel.ReadOnlyCollection`1[System.String]","System.Collections.Generic.List`1[System.Diagnostics.Eventing.Reader.EventProperty]"
"The previous system shutdown at 4:51:44 PM on ?7/?18/?2025 was unexpected.","6008","0","32768","2","0","0","36028797018963968","3477","EventLog",,"System","1936","1980","ASCENDI-HTMOH1J",,"7/21/2025 9:03:01 AM",,,"System","System.UInt32[]","System.Diagnostics.Eventing.Reader.EventBookmark","Error",,"None","System.Collections.ObjectModel.ReadOnlyCollection`1[System.String]","System.Collections.Generic.List`1[System.Diagnostics.Eventing.Reader.EventProperty]"
"The system firmware returned an error Unspecified error when attempting to update a Secure Boot variable. For more information, please see https://go.microsoft.com/fwlink/?linkid=2169931","1795","0",,"2","0","0","-9223372036854775808","3416","Microsoft-Windows-TPM-WMI","7d5387b0-cbe0-11da-a94d-0800200c9a66","System","2688","8028","ASCENDI-HTMOH1J","S-1-5-18","7/18/2025 9:27:19 AM",,,"System","System.UInt32[]","System.Diagnostics.Eventing.Reader.EventBookmark","Error","Info",,"System.Collections.ObjectModel.ReadOnlyCollection`1[System.String]","System.Collections.Generic.List`1[System.Diagnostics.Eventing.Reader.EventProperty]"
"Config Read Failed

Config:	18
Error:	More data is available.","2042","0",,"2","0","0","144115188075855872","3401","Microsoft-Windows-Windows Firewall With Advanced Security","d1bc9aff-2abf-4d71-9146-ecb2a986eb85","System","2920","2364","ASCENDI-HTMOH1J","S-1-5-19","7/18/2025 9:12:15 AM",,,"System","System.UInt32[]","System.Diagnostics.Eventing.Reader.EventBookmark","Error","Info",,"System.Collections.ObjectModel.ReadOnlyCollection`1[System.String]","System.Collections.Generic.List`1[System.Diagnostics.Eventing.Reader.EventProperty]"
"The previous system shutdown at 11:35:04 PM on ?7/?17/?2025 was unexpected.","6008","0","32768","2","0","0","36028797018963968","3330","EventLog",,"System","1996","1248","ASCENDI-HTMOH1J",,"7/18/2025 9:12:11 AM",,,"System","System.UInt32[]","System.Diagnostics.Eventing.Reader.EventBookmark","Error",,"None","System.Collections.ObjectModel.ReadOnlyCollection`1[System.String]","System.Collections.Generic.List`1[System.Diagnostics.Eventing.Reader.EventProperty]"
"The server {8CFC164F-4BE5-4FDD-94E9-E2AF73ED4A19} did not register with DCOM within the required timeout.","10010","0","0","2","0","0","-9187343239835811840","3314","Microsoft-Windows-DistributedCOM","1b562e86-b7aa-4131-badc-b6f3a001407e","System","856","1200","ASCENDI-HTMOH1J","S-1-5-21-1649049209-2824995486-182282566-1000","7/17/2025 8:21:02 PM","24c81647-f729-0000-4c93-c82429f7db01",,"System","System.UInt32[]","System.Diagnostics.Eventing.Reader.EventBookmark","Error","Info",,"System.Collections.ObjectModel.ReadOnlyCollection`1[System.String]","System.Collections.Generic.List`1[System.Diagnostics.Eventing.Reader.EventProperty]"
"The system firmware returned an error Unspecified error when attempting to update a Secure Boot variable. For more information, please see https://go.microsoft.com/fwlink/?linkid=2169931","1795","0",,"2","0","0","-9223372036854775808","3313","Microsoft-Windows-TPM-WMI","7d5387b0-cbe0-11da-a94d-0800200c9a66","System","8356","8720","ASCENDI-HTMOH1J","S-1-5-18","7/17/2025 8:20:34 PM",,,"System","System.UInt32[]","System.Diagnostics.Eventing.Reader.EventBookmark","Error","Info",,"System.Collections.ObjectModel.ReadOnlyCollection`1[System.String]","System.Collections.Generic.List`1[System.Diagnostics.Eventing.Reader.EventProperty]"
"Config Read Failed

Config:	18
Error:	More data is available.","2042","0",,"2","0","0","144115188075855872","3301","Microsoft-Windows-Windows Firewall With Advanced Security","d1bc9aff-2abf-4d71-9146-ecb2a986eb85","System","3000","3076","ASCENDI-HTMOH1J","S-1-5-19","7/17/2025 8:14:57 PM",,,"System","System.UInt32[]","System.Diagnostics.Eventing.Reader.EventBookmark","Error","Info",,"System.Collections.ObjectModel.ReadOnlyCollection`1[System.String]","System.Collections.Generic.List`1[System.Diagnostics.Eventing.Reader.EventProperty]"
"The previous system shutdown at 4:47:03 PM on ?7/?17/?2025 was unexpected.","6008","0","32768","2","0","0","36028797018963968","3223","EventLog",,"System","344","2116","ASCENDI-HTMOH1J",,"7/17/2025 8:14:34 PM",,,"System","System.UInt32[]","System.Diagnostics.Eventing.Reader.EventBookmark","Error",,"None","System.Collections.ObjectModel.ReadOnlyCollection`1[System.String]","System.Collections.Generic.List`1[System.Diagnostics.Eventing.Reader.EventProperty]"
"The Software Protection service failed to start due to the following error: 
The service did not respond to the start or control request in a timely fashion.","7000","0","49152","2","0","0","-9187343239835811840","3215","Service Control Manager","555908d1-a6d7-4695-8e1e-26931d2012f4","System","908","3808","ASCENDI-HTMOH1J",,"7/17/2025 4:23:43 PM",,,"System","System.UInt32[]","System.Diagnostics.Eventing.Reader.EventBookmark","Error",,,"System.Collections.ObjectModel.ReadOnlyCollection`1[System.String]","System.Collections.Generic.List`1[System.Diagnostics.Eventing.Reader.EventProperty]"
"A timeout was reached (30000 milliseconds) while waiting for the Software Protection service to connect.","7009","0","49152","2","0","0","-9187343239835811840","3214","Service Control Manager","555908d1-a6d7-4695-8e1e-26931d2012f4","System","908","3808","ASCENDI-HTMOH1J",,"7/17/2025 4:23:43 PM",,,"System","System.UInt32[]","System.Diagnostics.Eventing.Reader.EventBookmark","Error",,,"System.Collections.ObjectModel.ReadOnlyCollection`1[System.String]","System.Collections.Generic.List`1[System.Diagnostics.Eventing.Reader.EventProperty]"
"A timeout (30000 milliseconds) was reached while waiting for a transaction response from the defragsvc service.","7011","0","49152","2","0","0","-9187343239835811840","3213","Service Control Manager","555908d1-a6d7-4695-8e1e-26931d2012f4","System","908","11156","ASCENDI-HTMOH1J",,"7/17/2025 4:23:43 PM",,,"System","System.UInt32[]","System.Diagnostics.Eventing.Reader.EventBookmark","Error",,,"System.Collections.ObjectModel.ReadOnlyCollection`1[System.String]","System.Collections.Generic.List`1[System.Diagnostics.Eventing.Reader.EventProperty]"
"DCOM got error ""1053"" attempting to start the service WaaSMedicSvc with arguments ""Unavailable"" in order to run the server:
{72566E27-1ABB-4EB3-B4F0-EB431CB1CB32}","10005","0","0","2","0","0","-9187343239835811840","3188","Microsoft-Windows-DistributedCOM","1b562e86-b7aa-4131-badc-b6f3a001407e","System","472","7024","ASCENDI-HTMOH1J","S-1-5-18","7/17/2025 12:36:16 PM","8cfc107e-f6ca-0000-79ca-028dcaf6db01",,"System","System.UInt32[]","System.Diagnostics.Eventing.Reader.EventBookmark","Error","Info",,"System.Collections.ObjectModel.ReadOnlyCollection`1[System.String]","System.Collections.Generic.List`1[System.Diagnostics.Eventing.Reader.EventProperty]"
"The WaaSMedicSvc service failed to start due to the following error: 
The service did not respond to the start or control request in a timely fashion.","7000","0","49152","2","0","0","-9187343239835811840","3187","Service Control Manager","555908d1-a6d7-4695-8e1e-26931d2012f4","System","908","18184","ASCENDI-HTMOH1J",,"7/17/2025 12:36:16 PM",,,"System","System.UInt32[]","System.Diagnostics.Eventing.Reader.EventBookmark","Error",,,"System.Collections.ObjectModel.ReadOnlyCollection`1[System.String]","System.Collections.Generic.List`1[System.Diagnostics.Eventing.Reader.EventProperty]"
"A timeout was reached (30000 milliseconds) while waiting for the WaaSMedicSvc service to connect.","7009","0","49152","2","0","0","-9187343239835811840","3186","Service Control Manager","555908d1-a6d7-4695-8e1e-26931d2012f4","System","908","18184","ASCENDI-HTMOH1J",,"7/17/2025 12:36:16 PM",,,"System","System.UInt32[]","System.Diagnostics.Eventing.Reader.EventBookmark","Error",,,"System.Collections.ObjectModel.ReadOnlyCollection`1[System.String]","System.Collections.Generic.List`1[System.Diagnostics.Eventing.Reader.EventProperty]"
"The system firmware returned an error Unspecified error when attempting to update a Secure Boot variable. For more information, please see https://go.microsoft.com/fwlink/?linkid=2169931","1795","0",,"2","0","0","-9223372036854775808","3136","Microsoft-Windows-TPM-WMI","7d5387b0-cbe0-11da-a94d-0800200c9a66","System","13048","13188","ASCENDI-HTMOH1J","S-1-5-18","7/17/2025 9:02:36 AM",,,"System","System.UInt32[]","System.Diagnostics.Eventing.Reader.EventBookmark","Error","Info",,"System.Collections.ObjectModel.ReadOnlyCollection`1[System.String]","System.Collections.Generic.List`1[System.Diagnostics.Eventing.Reader.EventProperty]"
"Config Read Failed

Config:	18
Error:	More data is available.","2042","0",,"2","0","0","144115188075855872","3127","Microsoft-Windows-Windows Firewall With Advanced Security","d1bc9aff-2abf-4d71-9146-ecb2a986eb85","System","2960","3084","ASCENDI-HTMOH1J","S-1-5-19","7/17/2025 8:56:52 AM",,,"System","System.UInt32[]","System.Diagnostics.Eventing.Reader.EventBookmark","Error","Info",,"System.Collections.ObjectModel.ReadOnlyCollection`1[System.String]","System.Collections.Generic.List`1[System.Diagnostics.Eventing.Reader.EventProperty]"
"The previous system shutdown at 4:28:49 PM on ?7/?16/?2025 was unexpected.","6008","0","32768","2","0","0","36028797018963968","3052","EventLog",,"System","2008","1448","ASCENDI-HTMOH1J",,"7/17/2025 8:56:42 AM",,,"System","System.UInt32[]","System.Diagnostics.Eventing.Reader.EventBookmark","Error",,"None","System.Collections.ObjectModel.ReadOnlyCollection`1[System.String]","System.Collections.Generic.List`1[System.Diagnostics.Eventing.Reader.EventProperty]"
"The system firmware returned an error Unspecified error when attempting to update a Secure Boot variable. For more information, please see https://go.microsoft.com/fwlink/?linkid=2169931","1795","0",,"2","0","0","-9223372036854775808","3045","Microsoft-Windows-TPM-WMI","7d5387b0-cbe0-11da-a94d-0800200c9a66","System","2480","7876","ASCENDI-HTMOH1J","S-1-5-18","7/16/2025 4:33:42 PM",,,"System","System.UInt32[]","System.Diagnostics.Eventing.Reader.EventBookmark","Error","Info",,"System.Collections.ObjectModel.ReadOnlyCollection`1[System.String]","System.Collections.Generic.List`1[System.Diagnostics.Eventing.Reader.EventProperty]"
"Config Read Failed

Config:	18
Error:	More data is available.","2042","0",,"2","0","0","144115188075855872","3019","Microsoft-Windows-Windows Firewall With Advanced Security","d1bc9aff-2abf-4d71-9146-ecb2a986eb85","System","3016","2200","ASCENDI-HTMOH1J","S-1-5-19","7/16/2025 4:28:46 PM",,,"System","System.UInt32[]","System.Diagnostics.Eventing.Reader.EventBookmark","Error","Info",,"System.Collections.ObjectModel.ReadOnlyCollection`1[System.String]","System.Collections.Generic.List`1[System.Diagnostics.Eventing.Reader.EventProperty]"
"Config Read Failed

Config:	18
Error:	More data is available.","2042","0",,"2","0","0","144115188075855872","2938","Microsoft-Windows-Windows Firewall With Advanced Security","d1bc9aff-2abf-4d71-9146-ecb2a986eb85","System","2940","3080","ASCENDI-HTMOH1J","S-1-5-19","7/16/2025 4:26:55 PM",,,"System","System.UInt32[]","System.Diagnostics.Eventing.Reader.EventBookmark","Error","Info",,"System.Collections.ObjectModel.ReadOnlyCollection`1[System.String]","System.Collections.Generic.List`1[System.Diagnostics.Eventing.Reader.EventProperty]"
"The previous system shutdown at 4:24:35 PM on ?7/?16/?2025 was unexpected.","6008","0","32768","2","0","0","36028797018963968","2865","EventLog",,"System","2024","1448","ASCENDI-HTMOH1J",,"7/16/2025 4:26:49 PM",,,"System","System.UInt32[]","System.Diagnostics.Eventing.Reader.EventBookmark","Error",,"None","System.Collections.ObjectModel.ReadOnlyCollection`1[System.String]","System.Collections.Generic.List`1[System.Diagnostics.Eventing.Reader.EventProperty]"
"Config Read Failed

Config:	18
Error:	More data is available.","2042","0",,"2","0","0","144115188075855872","2857","Microsoft-Windows-Windows Firewall With Advanced Security","d1bc9aff-2abf-4d71-9146-ecb2a986eb85","System","2900","3060","ASCENDI-HTMOH1J","S-1-5-19","7/16/2025 4:24:38 PM",,,"System","System.UInt32[]","System.Diagnostics.Eventing.Reader.EventBookmark","Error","Info",,"System.Collections.ObjectModel.ReadOnlyCollection`1[System.String]","System.Collections.Generic.List`1[System.Diagnostics.Eventing.Reader.EventProperty]"
"The previous system shutdown at 4:21:47 PM on ?7/?16/?2025 was unexpected.","6008","0","32768","2","0","0","36028797018963968","2786","EventLog",,"System","1840","1952","ASCENDI-HTMOH1J",,"7/16/2025 4:24:35 PM",,,"System","System.UInt32[]","System.Diagnostics.Eventing.Reader.EventBookmark","Error",,"None","System.Collections.ObjectModel.ReadOnlyCollection`1[System.String]","System.Collections.Generic.List`1[System.Diagnostics.Eventing.Reader.EventProperty]"
"Config Read Failed

Config:	18
Error:	More data is available.","2042","0",,"2","0","0","144115188075855872","2778","Microsoft-Windows-Windows Firewall With Advanced Security","d1bc9aff-2abf-4d71-9146-ecb2a986eb85","System","2904","2336","ASCENDI-HTMOH1J","S-1-5-19","7/16/2025 4:21:53 PM",,,"System","System.UInt32[]","System.Diagnostics.Eventing.Reader.EventBookmark","Error","Info",,"System.Collections.ObjectModel.ReadOnlyCollection`1[System.String]","System.Collections.Generic.List`1[System.Diagnostics.Eventing.Reader.EventProperty]"
"The previous system shutdown at 3:57:28 PM on ?7/?16/?2025 was unexpected.","6008","0","32768","2","0","0","36028797018963968","2716","EventLog",,"System","1492","2056","ASCENDI-HTMOH1J",,"7/16/2025 4:21:47 PM",,,"System","System.UInt32[]","System.Diagnostics.Eventing.Reader.EventBookmark","Error",,"None","System.Collections.ObjectModel.ReadOnlyCollection`1[System.String]","System.Collections.Generic.List`1[System.Diagnostics.Eventing.Reader.EventProperty]"
"The certificate received from the remote server was issued by an untrusted certificate authority. Because of this, none of the data contained in the certificate can be validated. The TLS connection request has failed. The attached data contains the server certificate.
 The SSPI client process is svchost[WpnService] (PID: 3200).","36882","0",,"2","0","0","-9223372036854775808","2689","Schannel","1f678132-5938-4686-9fdc-c8ff68f15c85","System","916","13064","ASCENDI-HTMOH1J","S-1-5-18","7/16/2025 2:30:07 PM","c0cf679c-f611-0001-d668-cfc011f6db01",,"System","System.UInt32[]","System.Diagnostics.Eventing.Reader.EventBookmark","Error","Info",,"System.Collections.ObjectModel.ReadOnlyCollection`1[System.String]","System.Collections.Generic.List`1[System.Diagnostics.Eventing.Reader.EventProperty]"
"The certificate received from the remote server was issued by an untrusted certificate authority. Because of this, none of the data contained in the certificate can be validated. The TLS connection request has failed. The attached data contains the server certificate.
 The SSPI client process is svchost[WpnService] (PID: 3200).","36882","0",,"2","0","0","-9223372036854775808","2688","Schannel","1f678132-5938-4686-9fdc-c8ff68f15c85","System","916","13064","ASCENDI-HTMOH1J","S-1-5-18","7/16/2025 2:30:07 PM","c0cf679c-f611-0001-d668-cfc011f6db01",,"System","System.UInt32[]","System.Diagnostics.Eventing.Reader.EventBookmark","Error","Info",,"System.Collections.ObjectModel.ReadOnlyCollection`1[System.String]","System.Collections.Generic.List`1[System.Diagnostics.Eventing.Reader.EventProperty]"
"The system firmware returned an error Unspecified error when attempting to update a Secure Boot variable. For more information, please see https://go.microsoft.com/fwlink/?linkid=2169931","1795","0",,"2","0","0","-9223372036854775808","2655","Microsoft-Windows-TPM-WMI","7d5387b0-cbe0-11da-a94d-0800200c9a66","System","9724","6700","ASCENDI-HTMOH1J","S-1-5-18","7/16/2025 11:20:13 AM",,,"System","System.UInt32[]","System.Diagnostics.Eventing.Reader.EventBookmark","Error","Info",,"System.Collections.ObjectModel.ReadOnlyCollection`1[System.String]","System.Collections.Generic.List`1[System.Diagnostics.Eventing.Reader.EventProperty]"
"Config Read Failed

Config:	18
Error:	More data is available.","2042","0",,"2","0","0","144115188075855872","2643","Microsoft-Windows-Windows Firewall With Advanced Security","d1bc9aff-2abf-4d71-9146-ecb2a986eb85","System","2924","1380","ASCENDI-HTMOH1J","S-1-5-19","7/16/2025 10:54:15 AM",,,"System","System.UInt32[]","System.Diagnostics.Eventing.Reader.EventBookmark","Error","Info",,"System.Collections.ObjectModel.ReadOnlyCollection`1[System.String]","System.Collections.Generic.List`1[System.Diagnostics.Eventing.Reader.EventProperty]"
"The previous system shutdown at 10:04:26 AM on ?7/?16/?2025 was unexpected.","6008","0","32768","2","0","0","36028797018963968","2568","EventLog",,"System","2064","2148","ASCENDI-HTMOH1J",,"7/16/2025 10:54:03 AM",,,"System","System.UInt32[]","System.Diagnostics.Eventing.Reader.EventBookmark","Error",,"None","System.Collections.ObjectModel.ReadOnlyCollection`1[System.String]","System.Collections.Generic.List`1[System.Diagnostics.Eventing.Reader.EventProperty]"
"The system firmware returned an error Unspecified error when attempting to update a Secure Boot variable. For more information, please see https://go.microsoft.com/fwlink/?linkid=2169931","1795","0",,"2","0","0","-9223372036854775808","2534","Microsoft-Windows-TPM-WMI","7d5387b0-cbe0-11da-a94d-0800200c9a66","System","2604","8556","ASCENDI-HTMOH1J","S-1-5-18","7/16/2025 9:10:21 AM",,,"System","System.UInt32[]","System.Diagnostics.Eventing.Reader.EventBookmark","Error","Info",,"System.Collections.ObjectModel.ReadOnlyCollection`1[System.String]","System.Collections.Generic.List`1[System.Diagnostics.Eventing.Reader.EventProperty]"
"Config Read Failed

Config:	18
Error:	More data is available.","2042","0",,"2","0","0","144115188075855872","2517","Microsoft-Windows-Windows Firewall With Advanced Security","d1bc9aff-2abf-4d71-9146-ecb2a986eb85","System","3048","3100","ASCENDI-HTMOH1J","S-1-5-19","7/16/2025 9:05:38 AM",,,"System","System.UInt32[]","System.Diagnostics.Eventing.Reader.EventBookmark","Error","Info",,"System.Collections.ObjectModel.ReadOnlyCollection`1[System.String]","System.Collections.Generic.List`1[System.Diagnostics.Eventing.Reader.EventProperty]"
"The previous system shutdown at 4:54:23 PM on ?7/?15/?2025 was unexpected.","6008","0","32768","2","0","0","36028797018963968","2438","EventLog",,"System","1888","2012","ASCENDI-HTMOH1J",,"7/16/2025 9:05:21 AM",,,"System","System.UInt32[]","System.Diagnostics.Eventing.Reader.EventBookmark","Error",,"None","System.Collections.ObjectModel.ReadOnlyCollection`1[System.String]","System.Collections.Generic.List`1[System.Diagnostics.Eventing.Reader.EventProperty]"
"The system firmware returned an error Unspecified error when attempting to update a Secure Boot variable. For more information, please see https://go.microsoft.com/fwlink/?linkid=2169931","1795","0",,"2","0","0","-9223372036854775808","2332","Microsoft-Windows-TPM-WMI","7d5387b0-cbe0-11da-a94d-0800200c9a66","System","7444","10124","ASCENDI-HTMOH1J","S-1-5-18","7/15/2025 9:31:01 AM",,,"System","System.UInt32[]","System.Diagnostics.Eventing.Reader.EventBookmark","Error","Info",,"System.Collections.ObjectModel.ReadOnlyCollection`1[System.String]","System.Collections.Generic.List`1[System.Diagnostics.Eventing.Reader.EventProperty]"
"Config Read Failed

Config:	18
Error:	More data is available.","2042","0",,"2","0","0","144115188075855872","2320","Microsoft-Windows-Windows Firewall With Advanced Security","d1bc9aff-2abf-4d71-9146-ecb2a986eb85","System","2920","2560","ASCENDI-HTMOH1J","S-1-5-19","7/15/2025 9:25:21 AM",,,"System","System.UInt32[]","System.Diagnostics.Eventing.Reader.EventBookmark","Error","Info",,"System.Collections.ObjectModel.ReadOnlyCollection`1[System.String]","System.Collections.Generic.List`1[System.Diagnostics.Eventing.Reader.EventProperty]"
"The previous system shutdown at 8:38:30 PM on ?7/?14/?2025 was unexpected.","6008","0","32768","2","0","0","36028797018963968","2245","EventLog",,"System","1996","1592","ASCENDI-HTMOH1J",,"7/15/2025 9:25:09 AM",,,"System","System.UInt32[]","System.Diagnostics.Eventing.Reader.EventBookmark","Error",,"None","System.Collections.ObjectModel.ReadOnlyCollection`1[System.String]","System.Collections.Generic.List`1[System.Diagnostics.Eventing.Reader.EventProperty]"
"The system firmware returned an error Unspecified error when attempting to update a Secure Boot variable. For more information, please see https://go.microsoft.com/fwlink/?linkid=2169931","1795","0",,"2","0","0","-9223372036854775808","2233","Microsoft-Windows-TPM-WMI","7d5387b0-cbe0-11da-a94d-0800200c9a66","System","5556","4900","ASCENDI-HTMOH1J","S-1-5-18","7/14/2025 7:53:25 PM",,,"System","System.UInt32[]","System.Diagnostics.Eventing.Reader.EventBookmark","Error","Info",,"System.Collections.ObjectModel.ReadOnlyCollection`1[System.String]","System.Collections.Generic.List`1[System.Diagnostics.Eventing.Reader.EventProperty]"
"Config Read Failed

Config:	18
Error:	More data is available.","2042","0",,"2","0","0","144115188075855872","2226","Microsoft-Windows-Windows Firewall With Advanced Security","d1bc9aff-2abf-4d71-9146-ecb2a986eb85","System","2968","3080","ASCENDI-HTMOH1J","S-1-5-19","7/14/2025 7:48:41 PM",,,"System","System.UInt32[]","System.Diagnostics.Eventing.Reader.EventBookmark","Error","Info",,"System.Collections.ObjectModel.ReadOnlyCollection`1[System.String]","System.Collections.Generic.List`1[System.Diagnostics.Eventing.Reader.EventProperty]"
"The previous system shutdown at 4:38:27 PM on ?7/?14/?2025 was unexpected.","6008","0","32768","2","0","0","36028797018963968","2147","EventLog",,"System","2016","1376","ASCENDI-HTMOH1J",,"7/14/2025 7:48:23 PM",,,"System","System.UInt32[]","System.Diagnostics.Eventing.Reader.EventBookmark","Error",,"None","System.Collections.ObjectModel.ReadOnlyCollection`1[System.String]","System.Collections.Generic.List`1[System.Diagnostics.Eventing.Reader.EventProperty]"
"The server {B91D5831-B1BD-4608-8198-D72E155020F7} did not register with DCOM within the required timeout.","10010","0","0","2","0","0","-9187343239835811840","2090","Microsoft-Windows-DistributedCOM","1b562e86-b7aa-4131-badc-b6f3a001407e","System","880","4504","ASCENDI-HTMOH1J","S-1-5-18","7/14/2025 11:00:32 AM","ee21169b-f47c-0001-6f67-21ee7cf4db01",,"System","System.UInt32[]","System.Diagnostics.Eventing.Reader.EventBookmark","Error","Info",,"System.Collections.ObjectModel.ReadOnlyCollection`1[System.String]","System.Collections.Generic.List`1[System.Diagnostics.Eventing.Reader.EventProperty]"
"The Update Orchestrator Service service terminated with the following error: 
%%2149884192","7023","0","49152","2","0","0","-9187343239835811840","2082","Service Control Manager","555908d1-a6d7-4695-8e1e-26931d2012f4","System","896","4964","ASCENDI-HTMOH1J",,"7/14/2025 10:57:39 AM",,,"System","System.UInt32[]","System.Diagnostics.Eventing.Reader.EventBookmark","Error",,,"System.Collections.ObjectModel.ReadOnlyCollection`1[System.String]","System.Collections.Generic.List`1[System.Diagnostics.Eventing.Reader.EventProperty]"
"The system firmware returned an error Unspecified error when attempting to update a Secure Boot variable. For more information, please see https://go.microsoft.com/fwlink/?linkid=2169931","1795","0",,"2","0","0","-9223372036854775808","2081","Microsoft-Windows-TPM-WMI","7d5387b0-cbe0-11da-a94d-0800200c9a66","System","3112","4212","ASCENDI-HTMOH1J","S-1-5-18","7/14/2025 10:57:34 AM",,,"System","System.UInt32[]","System.Diagnostics.Eventing.Reader.EventBookmark","Error","Info",,"System.Collections.ObjectModel.ReadOnlyCollection`1[System.String]","System.Collections.Generic.List`1[System.Diagnostics.Eventing.Reader.EventProperty]"
"The Update Orchestrator Service service terminated with the following error: 
%%2149884192","7023","0","49152","2","0","0","-9187343239835811840","2080","Service Control Manager","555908d1-a6d7-4695-8e1e-26931d2012f4","System","896","1032","ASCENDI-HTMOH1J",,"7/14/2025 10:57:32 AM",,,"System","System.UInt32[]","System.Diagnostics.Eventing.Reader.EventBookmark","Error",,,"System.Collections.ObjectModel.ReadOnlyCollection`1[System.String]","System.Collections.Generic.List`1[System.Diagnostics.Eventing.Reader.EventProperty]"
"Config Read Failed

Config:	18
Error:	More data is available.","2042","0",,"2","0","0","144115188075855872","2050","Microsoft-Windows-Windows Firewall With Advanced Security","d1bc9aff-2abf-4d71-9146-ecb2a986eb85","System","2860","2500","ASCENDI-HTMOH1J","S-1-5-19","7/14/2025 10:36:00 AM",,,"System","System.UInt32[]","System.Diagnostics.Eventing.Reader.EventBookmark","Error","Info",,"System.Collections.ObjectModel.ReadOnlyCollection`1[System.String]","System.Collections.Generic.List`1[System.Diagnostics.Eventing.Reader.EventProperty]"
"The server {AB8902B4-09CA-4BB6-B78D-A8F59079A8D5} did not register with DCOM within the required timeout.","10010","0","0","2","0","0","-9187343239835811840","1964","Microsoft-Windows-DistributedCOM","1b562e86-b7aa-4131-badc-b6f3a001407e","System","836","13368","ASCENDI-HTMOH1J","S-1-5-21-1649049209-2824995486-182282566-1000","7/14/2025 10:45:11 AM","4a38fceb-f472-0000-222e-3e4a72f4db01",,"System","System.UInt32[]","System.Diagnostics.Eventing.Reader.EventBookmark","Error","Info",,"System.Collections.ObjectModel.ReadOnlyCollection`1[System.String]","System.Collections.Generic.List`1[System.Diagnostics.Eventing.Reader.EventProperty]"
"Installation Failure: Windows failed to install the following update with error 0x80073D02: 9N3RK8ZV2ZR8-Microsoft.WidgetsPlatformRuntime.","20","1",,"2","1","13","-9223372036854775768","1832","Microsoft-Windows-WindowsUpdateClient","945a8954-c147-4acd-923f-40c45405a658","System","10028","9556","ASCENDI-HTMOH1J","S-1-5-18","7/14/2025 9:29:55 AM","4a38fceb-f472-0000-0ec8-3a4a72f4db01",,"System","System.UInt32[]","System.Diagnostics.Eventing.Reader.EventBookmark","Error","Installation","Windows Update Agent","System.Collections.ObjectModel.ReadOnlyCollection`1[System.String]","System.Collections.Generic.List`1[System.Diagnostics.Eventing.Reader.EventProperty]"
"The Secure Boot update failed to update a Secure Boot variable with error The system cannot find the file specified.. For more information, please see https://go.microsoft.com/fwlink/?linkid=2169931","1796","0",,"2","0","0","-9223372036854775808","1823","Microsoft-Windows-TPM-WMI","7d5387b0-cbe0-11da-a94d-0800200c9a66","System","3628","3212","ASCENDI-HTMOH1J","S-1-5-18","7/14/2025 9:24:51 AM",,,"System","System.UInt32[]","System.Diagnostics.Eventing.Reader.EventBookmark","Error","Info",,"System.Collections.ObjectModel.ReadOnlyCollection`1[System.String]","System.Collections.Generic.List`1[System.Diagnostics.Eventing.Reader.EventProperty]"
"The Secure Boot update failed to update a Secure Boot variable with error The system cannot find the file specified.. For more information, please see https://go.microsoft.com/fwlink/?linkid=2169931","1796","0",,"2","0","0","-9223372036854775808","1822","Microsoft-Windows-TPM-WMI","7d5387b0-cbe0-11da-a94d-0800200c9a66","System","3628","3212","ASCENDI-HTMOH1J","S-1-5-18","7/14/2025 9:24:51 AM",,,"System","System.UInt32[]","System.Diagnostics.Eventing.Reader.EventBookmark","Error","Info",,"System.Collections.ObjectModel.ReadOnlyCollection`1[System.String]","System.Collections.Generic.List`1[System.Diagnostics.Eventing.Reader.EventProperty]"
"The computer has rebooted from a bugcheck.  The bugcheck was: 0x0000009f (0x0000000000000003, 0xffff808d78924080, 0xfffff800165819f0, 0xffff808d7a2d1010). A dump was saved in: C:\WINDOWS\MEMORY.DMP. Report Id: 95109ec3-c818-4c4f-a49a-12044ad309bb.","1001","1",,"2","0","0","-9223372036854775808","1818","Microsoft-Windows-WER-SystemErrorReporting","abce23e7-de45-4366-8631-84fa6c525952","System","916","920","ASCENDI-HTMOH1J","S-1-5-18","7/14/2025 9:20:55 AM",,,"System","System.UInt32[]","System.Diagnostics.Eventing.Reader.EventBookmark","Error","Info",,"System.Collections.ObjectModel.ReadOnlyCollection`1[System.String]","System.Collections.Generic.List`1[System.Diagnostics.Eventing.Reader.EventProperty]"
"Dump file generation succeded.","162","0","4","2","0","0","36028797018963968","1761","volmgr",,"System","4","348","ASCENDI-HTMOH1J",,"7/14/2025 9:19:35 AM",,,"System","System.UInt32[]","System.Diagnostics.Eventing.Reader.EventBookmark","Error","Info","None","System.Collections.ObjectModel.ReadOnlyCollection`1[System.String]","System.Collections.Generic.List`1[System.Diagnostics.Eventing.Reader.EventProperty]"
"The previous system shutdown at 12:30:22 PM on ?7/?13/?2025 was unexpected.","6008","0","32768","2","0","0","36028797018963968","1753","EventLog",,"System","1904","1980","ASCENDI-HTMOH1J",,"7/14/2025 9:19:44 AM",,,"System","System.UInt32[]","System.Diagnostics.Eventing.Reader.EventBookmark","Error",,"None","System.Collections.ObjectModel.ReadOnlyCollection`1[System.String]","System.Collections.Generic.List`1[System.Diagnostics.Eventing.Reader.EventProperty]"
"The previous system shutdown at 4:52:26 PM on ?7/?9/?2025 was unexpected.","6008","0","32768","2","0","0","36028797018963968","1660","EventLog",,"System","1704","2060","ASCENDI-HTMOH1J",,"7/13/2025 12:30:21 PM",,,"System","System.UInt32[]","System.Diagnostics.Eventing.Reader.EventBookmark","Error",,"None","System.Collections.ObjectModel.ReadOnlyCollection`1[System.String]","System.Collections.Generic.List`1[System.Diagnostics.Eventing.Reader.EventProperty]"
"The server Microsoft.AAD.BrokerPlugin_1000.19580.1000.2_neutral_neutral_cw5n1h2txyewy!Windows.Security.Authentication.Web.Core.BackgroundGetTokenTask.ClassId.WebAccountProvider did not register with DCOM within the required timeout.","10010","0","0","2","0","0","-9187343239835811840","1635","Microsoft-Windows-DistributedCOM","1b562e86-b7aa-4131-badc-b6f3a001407e","System","828","15368","ASCENDI-HTMOH1J","S-1-5-21-1649049209-2824995486-182282566-1000","7/9/2025 3:03:44 PM","89924770-f08d-0001-0aa5-99898df0db01",,"System","System.UInt32[]","System.Diagnostics.Eventing.Reader.EventBookmark","Error","Info",,"System.Collections.ObjectModel.ReadOnlyCollection`1[System.String]","System.Collections.Generic.List`1[System.Diagnostics.Eventing.Reader.EventProperty]"
"DCOM got error ""1053"" attempting to start the service WaaSMedicSvc with arguments ""Unavailable"" in order to run the server:
{72566E27-1ABB-4EB3-B4F0-EB431CB1CB32}","10005","0","0","2","0","0","-9187343239835811840","1629","Microsoft-Windows-DistributedCOM","1b562e86-b7aa-4131-badc-b6f3a001407e","System","348","5908","ASCENDI-HTMOH1J","S-1-5-18","7/9/2025 2:34:27 PM","89924770-f08d-0000-2a1b-9b898df0db01",,"System","System.UInt32[]","System.Diagnostics.Eventing.Reader.EventBookmark","Error","Info",,"System.Collections.ObjectModel.ReadOnlyCollection`1[System.String]","System.Collections.Generic.List`1[System.Diagnostics.Eventing.Reader.EventProperty]"
"The WaaSMedicSvc service failed to start due to the following error: 
The service did not respond to the start or control request in a timely fashion.","7000","0","49152","2","0","0","-9187343239835811840","1628","Service Control Manager","555908d1-a6d7-4695-8e1e-26931d2012f4","System","892","9016","ASCENDI-HTMOH1J",,"7/9/2025 2:34:27 PM",,,"System","System.UInt32[]","System.Diagnostics.Eventing.Reader.EventBookmark","Error",,,"System.Collections.ObjectModel.ReadOnlyCollection`1[System.String]","System.Collections.Generic.List`1[System.Diagnostics.Eventing.Reader.EventProperty]"
"A timeout was reached (30000 milliseconds) while waiting for the WaaSMedicSvc service to connect.","7009","0","49152","2","0","0","-9187343239835811840","1627","Service Control Manager","555908d1-a6d7-4695-8e1e-26931d2012f4","System","892","9016","ASCENDI-HTMOH1J",,"7/9/2025 2:34:27 PM",,,"System","System.UInt32[]","System.Diagnostics.Eventing.Reader.EventBookmark","Error",,,"System.Collections.ObjectModel.ReadOnlyCollection`1[System.String]","System.Collections.Generic.List`1[System.Diagnostics.Eventing.Reader.EventProperty]"
"The Secure Boot update failed to update a Secure Boot variable with error The system cannot find the file specified.. For more information, please see https://go.microsoft.com/fwlink/?linkid=2169931","1796","0",,"2","0","0","-9223372036854775808","1484","Microsoft-Windows-TPM-WMI","7d5387b0-cbe0-11da-a94d-0800200c9a66","System","2476","2648","ASCENDI-HTMOH1J","S-1-5-18","7/9/2025 10:24:50 AM",,,"System","System.UInt32[]","System.Diagnostics.Eventing.Reader.EventBookmark","Error","Info",,"System.Collections.ObjectModel.ReadOnlyCollection`1[System.String]","System.Collections.Generic.List`1[System.Diagnostics.Eventing.Reader.EventProperty]"
"DCOM got error ""1115"" attempting to start the service wuauserv with arguments ""Unavailable"" in order to run the server:
{E60687F7-01A1-40AA-86AC-DB1CBF673334}","10005","0","0","2","0","0","-9187343239835811840","1422","Microsoft-Windows-DistributedCOM","1b562e86-b7aa-4131-badc-b6f3a001407e","System","516","6920","ASCENDI-HTMOH1J","S-1-5-18","7/9/2025 10:16:45 AM","71fc46ca-f086-0001-17eb-017286f0db01",,"System","System.UInt32[]","System.Diagnostics.Eventing.Reader.EventBookmark","Error","Info",,"System.Collections.ObjectModel.ReadOnlyCollection`1[System.String]","System.Collections.Generic.List`1[System.Diagnostics.Eventing.Reader.EventProperty]"
"DCOM got error ""1115"" attempting to start the service wuauserv with arguments ""Unavailable"" in order to run the server:
{E60687F7-01A1-40AA-86AC-DB1CBF673334}","10005","0","0","2","0","0","-9187343239835811840","1421","Microsoft-Windows-DistributedCOM","1b562e86-b7aa-4131-badc-b6f3a001407e","System","516","6920","ASCENDI-HTMOH1J","S-1-5-18","7/9/2025 10:16:45 AM","71fc46ca-f086-0001-fdea-017286f0db01",,"System","System.UInt32[]","System.Diagnostics.Eventing.Reader.EventBookmark","Error","Info",,"System.Collections.ObjectModel.ReadOnlyCollection`1[System.String]","System.Collections.Generic.List`1[System.Diagnostics.Eventing.Reader.EventProperty]"
"DCOM got error ""1115"" attempting to start the service wuauserv with arguments ""Unavailable"" in order to run the server:
{E60687F7-01A1-40AA-86AC-DB1CBF673334}","10005","0","0","2","0","0","-9187343239835811840","1420","Microsoft-Windows-DistributedCOM","1b562e86-b7aa-4131-badc-b6f3a001407e","System","516","6920","ASCENDI-HTMOH1J","S-1-5-19","7/9/2025 10:16:43 AM","71fc46ca-f086-0001-bdea-017286f0db01",,"System","System.UInt32[]","System.Diagnostics.Eventing.Reader.EventBookmark","Error","Info",,"System.Collections.ObjectModel.ReadOnlyCollection`1[System.String]","System.Collections.Generic.List`1[System.Diagnostics.Eventing.Reader.EventProperty]"
"DCOM got error ""1115"" attempting to start the service wuauserv with arguments ""Unavailable"" in order to run the server:
{E60687F7-01A1-40AA-86AC-DB1CBF673334}","10005","0","0","2","0","0","-9187343239835811840","1419","Microsoft-Windows-DistributedCOM","1b562e86-b7aa-4131-badc-b6f3a001407e","System","516","6920","ASCENDI-HTMOH1J","S-1-5-19","7/9/2025 10:16:43 AM","71fc46ca-f086-0001-baea-017286f0db01",,"System","System.UInt32[]","System.Diagnostics.Eventing.Reader.EventBookmark","Error","Info",,"System.Collections.ObjectModel.ReadOnlyCollection`1[System.String]","System.Collections.Generic.List`1[System.Diagnostics.Eventing.Reader.EventProperty]"
"DCOM got error ""1115"" attempting to start the service wuauserv with arguments ""Unavailable"" in order to run the server:
{E60687F7-01A1-40AA-86AC-DB1CBF673334}","10005","0","0","2","0","0","-9187343239835811840","1418","Microsoft-Windows-DistributedCOM","1b562e86-b7aa-4131-badc-b6f3a001407e","System","516","6920","ASCENDI-HTMOH1J","S-1-5-18","7/9/2025 10:16:42 AM","71fc46ca-f086-0001-9cea-017286f0db01",,"System","System.UInt32[]","System.Diagnostics.Eventing.Reader.EventBookmark","Error","Info",,"System.Collections.ObjectModel.ReadOnlyCollection`1[System.String]","System.Collections.Generic.List`1[System.Diagnostics.Eventing.Reader.EventProperty]"
"DCOM got error ""1115"" attempting to start the service wuauserv with arguments ""Unavailable"" in order to run the server:
{E60687F7-01A1-40AA-86AC-DB1CBF673334}","10005","0","0","2","0","0","-9187343239835811840","1417","Microsoft-Windows-DistributedCOM","1b562e86-b7aa-4131-badc-b6f3a001407e","System","516","6920","ASCENDI-HTMOH1J","S-1-5-18","7/9/2025 10:16:42 AM","71fc46ca-f086-0000-af27-027286f0db01",,"System","System.UInt32[]","System.Diagnostics.Eventing.Reader.EventBookmark","Error","Info",,"System.Collections.ObjectModel.ReadOnlyCollection`1[System.String]","System.Collections.Generic.List`1[System.Diagnostics.Eventing.Reader.EventProperty]"
"DCOM got error ""1115"" attempting to start the service wuauserv with arguments ""Unavailable"" in order to run the server:
{E60687F7-01A1-40AA-86AC-DB1CBF673334}","10005","0","0","2","0","0","-9187343239835811840","1416","Microsoft-Windows-DistributedCOM","1b562e86-b7aa-4131-badc-b6f3a001407e","System","516","6920","ASCENDI-HTMOH1J","S-1-5-18","7/9/2025 10:16:42 AM","71fc46ca-f086-0000-9027-027286f0db01",,"System","System.UInt32[]","System.Diagnostics.Eventing.Reader.EventBookmark","Error","Info",,"System.Collections.ObjectModel.ReadOnlyCollection`1[System.String]","System.Collections.Generic.List`1[System.Diagnostics.Eventing.Reader.EventProperty]"
"Installation Failure: Windows failed to install the following update with error 0x80073D02: 9MSSGKG348SP-MicrosoftWindows.Client.WebExperience.","20","1",,"2","1","13","-9223372036854775768","1410","Microsoft-Windows-WindowsUpdateClient","945a8954-c147-4acd-923f-40c45405a658","System","2324","2384","ASCENDI-HTMOH1J","S-1-5-18","7/9/2025 10:16:11 AM","71fc46ca-f086-0000-6510-027286f0db01",,"System","System.UInt32[]","System.Diagnostics.Eventing.Reader.EventBookmark","Error","Installation","Windows Update Agent","System.Collections.ObjectModel.ReadOnlyCollection`1[System.String]","System.Collections.Generic.List`1[System.Diagnostics.Eventing.Reader.EventProperty]"
"The server {8CFC164F-4BE5-4FDD-94E9-E2AF73ED4A19} did not register with DCOM within the required timeout.","10010","0","0","2","0","0","-9187343239835811840","1231","Microsoft-Windows-DistributedCOM","1b562e86-b7aa-4131-badc-b6f3a001407e","System","880","6212","ASCENDI-HTMOH1J","S-1-5-21-1649049209-2824995486-182282566-1000","7/9/2025 9:36:38 AM","71fc46ca-f086-0001-e87f-fc7186f0db01",,"System","System.UInt32[]","System.Diagnostics.Eventing.Reader.EventBookmark","Error","Info",,"System.Collections.ObjectModel.ReadOnlyCollection`1[System.String]","System.Collections.Generic.List`1[System.Diagnostics.Eventing.Reader.EventProperty]"
"The system firmware returned an error Access is denied. when attempting to update a Secure Boot variable. For more information, please see https://go.microsoft.com/fwlink/?linkid=2169931","1795","0",,"2","0","0","-9223372036854775808","1224","Microsoft-Windows-TPM-WMI","7d5387b0-cbe0-11da-a94d-0800200c9a66","System","1912","4376","ASCENDI-HTMOH1J","S-1-5-18","7/9/2025 9:34:04 AM",,,"System","System.UInt32[]","System.Diagnostics.Eventing.Reader.EventBookmark","Error","Info",,"System.Collections.ObjectModel.ReadOnlyCollection`1[System.String]","System.Collections.Generic.List`1[System.Diagnostics.Eventing.Reader.EventProperty]"
"The previous system shutdown at 4:37:13 PM on ?7/?8/?2025 was unexpected.","6008","0","32768","2","0","0","36028797018963968","1161","EventLog",,"System","784","2060","ASCENDI-HTMOH1J",,"7/9/2025 9:33:49 AM",,,"System","System.UInt32[]","System.Diagnostics.Eventing.Reader.EventBookmark","Error",,"None","System.Collections.ObjectModel.ReadOnlyCollection`1[System.String]","System.Collections.Generic.List`1[System.Diagnostics.Eventing.Reader.EventProperty]"
"The system firmware returned an error Access is denied. when attempting to update a Secure Boot variable. For more information, please see https://go.microsoft.com/fwlink/?linkid=2169931","1795","0",,"2","0","0","-9223372036854775808","1056","Microsoft-Windows-TPM-WMI","7d5387b0-cbe0-11da-a94d-0800200c9a66","System","1928","2756","ASCENDI-HTMOH1J","S-1-5-18","7/8/2025 2:26:09 PM",,,"System","System.UInt32[]","System.Diagnostics.Eventing.Reader.EventBookmark","Error","Info",,"System.Collections.ObjectModel.ReadOnlyCollection`1[System.String]","System.Collections.Generic.List`1[System.Diagnostics.Eventing.Reader.EventProperty]"
"The system firmware returned an error Access is denied. when attempting to update a Secure Boot variable. For more information, please see https://go.microsoft.com/fwlink/?linkid=2169931","1795","0",,"2","0","0","-9223372036854775808","962","Microsoft-Windows-TPM-WMI","7d5387b0-cbe0-11da-a94d-0800200c9a66","System","1912","2452","ASCENDI-HTMOH1J","S-1-5-18","7/8/2025 2:20:55 PM",,,"System","System.UInt32[]","System.Diagnostics.Eventing.Reader.EventBookmark","Error","Info",,"System.Collections.ObjectModel.ReadOnlyCollection`1[System.String]","System.Collections.Generic.List`1[System.Diagnostics.Eventing.Reader.EventProperty]"
"The system firmware returned an error Access is denied. when attempting to update a Secure Boot variable. For more information, please see https://go.microsoft.com/fwlink/?linkid=2169931","1795","0",,"2","0","0","-9223372036854775808","892","Microsoft-Windows-TPM-WMI","7d5387b0-cbe0-11da-a94d-0800200c9a66","System","2036","6412","ASCENDI-HTMOH1J","S-1-5-18","7/8/2025 2:18:07 PM",,,"System","System.UInt32[]","System.Diagnostics.Eventing.Reader.EventBookmark","Error","Info",,"System.Collections.ObjectModel.ReadOnlyCollection`1[System.String]","System.Collections.Generic.List`1[System.Diagnostics.Eventing.Reader.EventProperty]"
"The system firmware returned an error Access is denied. when attempting to update a Secure Boot variable. For more information, please see https://go.microsoft.com/fwlink/?linkid=2169931","1795","0",,"2","0","0","-9223372036854775808","779","Microsoft-Windows-TPM-WMI","7d5387b0-cbe0-11da-a94d-0800200c9a66","System","1956","2508","ASCENDI-HTMOH1J","S-1-5-18","7/8/2025 2:16:22 PM",,,"System","System.UInt32[]","System.Diagnostics.Eventing.Reader.EventBookmark","Error","Info",,"System.Collections.ObjectModel.ReadOnlyCollection`1[System.String]","System.Collections.Generic.List`1[System.Diagnostics.Eventing.Reader.EventProperty]"
"The server {8CFC164F-4BE5-4FDD-94E9-E2AF73ED4A19} did not register with DCOM within the required timeout.","10010","0","0","2","0","0","-9187343239835811840","716","Microsoft-Windows-DistributedCOM","1b562e86-b7aa-4131-badc-b6f3a001407e","System","840","824","ASCENDI-HTMOH1J","S-1-5-21-1649049209-2824995486-182282566-1000","7/8/2025 2:15:56 PM","5b971ce3-efe4-0000-8166-975be4efdb01",,"System","System.UInt32[]","System.Diagnostics.Eventing.Reader.EventBookmark","Error","Info",,"System.Collections.ObjectModel.ReadOnlyCollection`1[System.String]","System.Collections.Generic.List`1[System.Diagnostics.Eventing.Reader.EventProperty]"
"The system firmware returned an error Access is denied. when attempting to update a Secure Boot variable. For more information, please see https://go.microsoft.com/fwlink/?linkid=2169931","1795","0",,"2","0","0","-9223372036854775808","683","Microsoft-Windows-TPM-WMI","7d5387b0-cbe0-11da-a94d-0800200c9a66","System","2016","2540","ASCENDI-HTMOH1J","S-1-5-18","7/8/2025 2:13:37 PM",,,"System","System.UInt32[]","System.Diagnostics.Eventing.Reader.EventBookmark","Error","Info",,"System.Collections.ObjectModel.ReadOnlyCollection`1[System.String]","System.Collections.Generic.List`1[System.Diagnostics.Eventing.Reader.EventProperty]"
"The system firmware returned an error Access is denied. when attempting to update a Secure Boot variable. For more information, please see https://go.microsoft.com/fwlink/?linkid=2169931","1795","0",,"2","0","0","-9223372036854775808","607","Microsoft-Windows-TPM-WMI","7d5387b0-cbe0-11da-a94d-0800200c9a66","System","2020","2520","ASCENDI-HTMOH1J","S-1-5-18","7/8/2025 2:10:17 PM",,,"System","System.UInt32[]","System.Diagnostics.Eventing.Reader.EventBookmark","Error","Info",,"System.Collections.ObjectModel.ReadOnlyCollection`1[System.String]","System.Collections.Generic.List`1[System.Diagnostics.Eventing.Reader.EventProperty]"
"The system firmware returned an error Access is denied. when attempting to update a Secure Boot variable. For more information, please see https://go.microsoft.com/fwlink/?linkid=2169931","1795","0",,"2","0","0","-9223372036854775808","486","Microsoft-Windows-TPM-WMI","7d5387b0-cbe0-11da-a94d-0800200c9a66","System","2040","2488","ASCENDI-HTMOH1J","S-1-5-18","7/8/2025 1:18:58 PM",,,"System","System.UInt32[]","System.Diagnostics.Eventing.Reader.EventBookmark","Error","Info",,"System.Collections.ObjectModel.ReadOnlyCollection`1[System.String]","System.Collections.Generic.List`1[System.Diagnostics.Eventing.Reader.EventProperty]"
"The server {7EAD5C10-8B3F-11E6-AE22-56B6B6499611} did not register with DCOM within the required timeout.","10010","0","0","2","0","0","-9187343239835811840","424","Microsoft-Windows-DistributedCOM","1b562e86-b7aa-4131-badc-b6f3a001407e","System","400","3468","ASCENDI-HTMOH1J","S-1-5-18","7/8/2025 1:18:31 PM","24899bc2-efd9-0001-a600-8d24d9efdb01",,"System","System.UInt32[]","System.Diagnostics.Eventing.Reader.EventBookmark","Error","Info",,"System.Collections.ObjectModel.ReadOnlyCollection`1[System.String]","System.Collections.Generic.List`1[System.Diagnostics.Eventing.Reader.EventProperty]"
"The server {7EAD5C10-8B3F-11E6-AE22-56B6B6499611} did not register with DCOM within the required timeout.","10010","0","0","2","0","0","-9187343239835811840","423","Microsoft-Windows-DistributedCOM","1b562e86-b7aa-4131-badc-b6f3a001407e","System","400","2084","ASCENDI-HTMOH1J","S-1-5-18","7/8/2025 1:18:31 PM","24899bc2-efd9-0000-a383-8d24d9efdb01",,"System","System.UInt32[]","System.Diagnostics.Eventing.Reader.EventBookmark","Error","Info",,"System.Collections.ObjectModel.ReadOnlyCollection`1[System.String]","System.Collections.Generic.List`1[System.Diagnostics.Eventing.Reader.EventProperty]"
"The AppX Deployment Service (AppXSVC) service terminated unexpectedly.  It has done this 1 time(s).  The following corrective action will be taken in 120000 milliseconds: Restart the service.","7031","0","49152","2","0","0","-9187343239835811840","393","Service Control Manager","555908d1-a6d7-4695-8e1e-26931d2012f4","System","804","4492","ASCENDI-HTMOH1J",,"7/8/2025 1:13:54 PM",,,"System","System.UInt32[]","System.Diagnostics.Eventing.Reader.EventBookmark","Error",,,"System.Collections.ObjectModel.ReadOnlyCollection`1[System.String]","System.Collections.Generic.List`1[System.Diagnostics.Eventing.Reader.EventProperty]"
"The server Microsoft.Windows.ContentDeliveryManager_10.0.26100.1_neutral_neutral_cw5n1h2txyewy!App.AppXx4zfy1ffv3wctgdz2vypnybzjkh27jhw.mca did not register with DCOM within the required timeout.","10010","0","0","2","0","0","-9187343239835811840","391","Microsoft-Windows-DistributedCOM","1b562e86-b7aa-4131-badc-b6f3a001407e","System","400","4088","ASCENDI-HTMOH1J","S-1-5-21-1649049209-2824995486-182282566-1000","7/8/2025 1:12:55 PM","24899bc2-efd9-0001-3add-8924d9efdb01",,"System","System.UInt32[]","System.Diagnostics.Eventing.Reader.EventBookmark","Error","Info",,"System.Collections.ObjectModel.ReadOnlyCollection`1[System.String]","System.Collections.Generic.List`1[System.Diagnostics.Eventing.Reader.EventProperty]"
"The server MicrosoftWindows.Client.CBS_1000.26100.18.0_x64__cw5n1h2txyewy!Global.IrisService.AppXkjrqty4skpnq48e37dvjmd2bfx178sas.mca did not register with DCOM within the required timeout.","10010","0","0","2","0","0","-9187343239835811840","390","Microsoft-Windows-DistributedCOM","1b562e86-b7aa-4131-badc-b6f3a001407e","System","400","2040","ASCENDI-HTMOH1J","S-1-5-21-1649049209-2824995486-182282566-1000","7/8/2025 1:12:55 PM","24899bc2-efd9-0000-bcba-8a24d9efdb01",,"System","System.UInt32[]","System.Diagnostics.Eventing.Reader.EventBookmark","Error","Info",,"System.Collections.ObjectModel.ReadOnlyCollection`1[System.String]","System.Collections.Generic.List`1[System.Diagnostics.Eventing.Reader.EventProperty]"
"The system firmware returned an error Access is denied. when attempting to update a Secure Boot variable. For more information, please see https://go.microsoft.com/fwlink/?linkid=2169931","1795","0",,"2","0","0","-9223372036854775808","317","Microsoft-Windows-TPM-WMI","7d5387b0-cbe0-11da-a94d-0800200c9a66","System","2604","1448","ASCENDI-HTMOH1J","S-1-5-18","7/8/2025 12:53:42 PM",,,"System","System.UInt32[]","System.Diagnostics.Eventing.Reader.EventBookmark","Error","Info",,"System.Collections.ObjectModel.ReadOnlyCollection`1[System.String]","System.Collections.Generic.List`1[System.Diagnostics.Eventing.Reader.EventProperty]"
"The Connected Devices Platform Service service hung on starting.","7022","0","49152","2","0","0","-9187343239835811840","188","Service Control Manager","555908d1-a6d7-4695-8e1e-26931d2012f4","System","796","4888","ASCENDI-HTMOH1J",,"7/9/2025 1:20:31 AM",,,"System","System.UInt32[]","System.Diagnostics.Eventing.Reader.EventBookmark","Error",,,"System.Collections.ObjectModel.ReadOnlyCollection`1[System.String]","System.Collections.Generic.List`1[System.Diagnostics.Eventing.Reader.EventProperty]"
"The Network List Service service terminated with the following error: 
The device is not ready.","7023","0","49152","2","0","0","-9187343239835811840","184","Service Control Manager","555908d1-a6d7-4695-8e1e-26931d2012f4","System","796","3504","ASCENDI-HTMOH1J",,"7/9/2025 1:18:55 AM",,,"System","System.UInt32[]","System.Diagnostics.Eventing.Reader.EventBookmark","Error",,,"System.Collections.ObjectModel.ReadOnlyCollection`1[System.String]","System.Collections.Generic.List`1[System.Diagnostics.Eventing.Reader.EventProperty]"
"The server {A47979D2-C419-11D9-A5B4-001185AD2B89} did not register with DCOM within the required timeout.","10010","0","0","2","0","0","-9187343239835811840","183","Microsoft-Windows-DistributedCOM","1b562e86-b7aa-4131-badc-b6f3a001407e","System","412","1204","ASCENDI-HTMOH1J","S-1-5-18","7/9/2025 1:18:55 AM","90314913-f040-0001-0cb2-319040f0db01",,"System","System.UInt32[]","System.Diagnostics.Eventing.Reader.EventBookmark","Error","Info",,"System.Collections.ObjectModel.ReadOnlyCollection`1[System.String]","System.Collections.Generic.List`1[System.Diagnostics.Eventing.Reader.EventProperty]"
"The Printer Extensions and Notifications service is marked as an interactive service.  However, the system is configured to not allow interactive services.  This service may not function properly.","7030","0","49152","2","0","0","-9187343239835811840","158","Service Control Manager","555908d1-a6d7-4695-8e1e-26931d2012f4","System","796","4888","ASCENDI-HTMOH1J",,"7/9/2025 1:17:00 AM",,,"System","System.UInt32[]","System.Diagnostics.Eventing.Reader.EventBookmark","Error",,,"System.Collections.ObjectModel.ReadOnlyCollection`1[System.String]","System.Collections.Generic.List`1[System.Diagnostics.Eventing.Reader.EventProperty]"
"The Network List Service service terminated with the following error: 
The device is not ready.","7023","0","49152","2","0","0","-9187343239835811840","155","Service Control Manager","555908d1-a6d7-4695-8e1e-26931d2012f4","System","796","3504","ASCENDI-HTMOH1J",,"7/9/2025 1:16:54 AM",,,"System","System.UInt32[]","System.Diagnostics.Eventing.Reader.EventBookmark","Error",,,"System.Collections.ObjectModel.ReadOnlyCollection`1[System.String]","System.Collections.Generic.List`1[System.Diagnostics.Eventing.Reader.EventProperty]"
"The server {A47979D2-C419-11D9-A5B4-001185AD2B89} did not register with DCOM within the required timeout.","10010","0","0","2","0","0","-9187343239835811840","154","Microsoft-Windows-DistributedCOM","1b562e86-b7aa-4131-badc-b6f3a001407e","System","412","500","ASCENDI-HTMOH1J","S-1-5-18","7/9/2025 1:16:54 AM","90314913-f040-0000-f76e-319040f0db01",,"System","System.UInt32[]","System.Diagnostics.Eventing.Reader.EventBookmark","Error","Info",,"System.Collections.ObjectModel.ReadOnlyCollection`1[System.String]","System.Collections.Generic.List`1[System.Diagnostics.Eventing.Reader.EventProperty]"
"The netprofm service terminated with the following error: 
The device is not ready.","7023","0","49152","2","0","0","-9187343239835811840","54","Service Control Manager","555908d1-a6d7-4695-8e1e-26931d2012f4","System","796","896","ASCENDI-HTMOH1J",,"7/9/2025 1:14:54 AM",,,"System","System.UInt32[]","System.Diagnostics.Eventing.Reader.EventBookmark","Error",,,"System.Collections.ObjectModel.ReadOnlyCollection`1[System.String]","System.Collections.Generic.List`1[System.Diagnostics.Eventing.Reader.EventProperty]"
